#!OML:ASF F:\VICON\USERDATA\INSTALL\rory3\rory3.ASF
:FULLY-SPECIFIED
:DEGREES
1
root 1.57206 18.4897 -0.0936106 40.3688 89.787 29.0489
lowerback -11.4505 -2.42084 -0.766366
upperback -3.01509 -3.04379 0.656917
thorax 3.33761 -1.46989 0.685867
lowerneck -10.7974 -12.6174 -7.74901
upperneck 34.7778 -18.3073 6.86912
head 15.4467 -7.58917 1.14484
rclavicle 4.51881e-014 5.1684e-015
rhumerus -30.6414 -12.4048 -81.5705
rradius 39.6017
rwrist -152.788
rhand -25.8889 -9.47071
rfingers 7.12502
rthumb 0.653004 -39.4495
lclavicle 4.51881e-014 5.1684e-015
lhumerus -35.969 -14.0129 92.7111
lradius 34.2029
lwrist 11.2759
lhand -8.22707 26.3804
lfingers 7.12502
lthumb 17.6903 55.5956
rfemur -6.30637 -9.47397 17.0246
rtibia 2.48525
rfoot -7.93715 -2.74042
rtoes -15.5247
lfemur -13.3805 9.76057 -18.6576
ltibia 18.0778
lfoot -15.3054 -4.07479
ltoes -25.6495
2
root 1.57328 18.4899 -0.0944267 60.809 89.8795 49.4076
lowerback -11.4828 -2.46471 -0.760269
upperback -3.06208 -3.10102 0.679042
thorax 3.30842 -1.49712 0.697102
lowerneck -10.7746 -12.61 -7.78623
upperneck 34.7973 -18.2975 6.89377
head 15.4585 -7.58572 1.16385
rclavicle -8.81693e-014 2.13694e-015
rhumerus -30.632 -12.3034 -81.6259
rradius 39.5993
rwrist -152.809
rhand -25.8441 -9.42609
rfingers 7.12502
rthumb 0.69628 -39.4047
lclavicle -8.81693e-014 2.13694e-015
lhumerus -35.9381 -13.9972 92.6939
lradius 34.2301
lwrist 11.1424
lhand -8.05477 26.5044
lfingers 7.12502
lthumb 17.8561 55.7046
rfemur -6.25283 -9.58392 17.0573
rtibia 2.25599
rfoot -7.8302 -2.73955
rtoes -15.62
lfemur -13.5033 9.71196 -18.6459
ltibia 18.1326
lfoot -15.4957 -4.21899
ltoes -24.0361
3
root 1.5766 18.4896 -0.0975543 96.4393 89.9749 85.0305
lowerback -11.4582 -2.48802 -0.674613
upperback -3.08492 -3.14227 0.707518
thorax 3.26898 -1.51678 0.674404
lowerneck -10.7603 -12.612 -7.79251
upperneck 34.8152 -18.2884 6.85912
head 15.4588 -7.58701 1.15347
rclavicle 2.23914e-015 -1.03865e-014
rhumerus -30.6308 -12.2492 -81.649
rradius 39.5976
rwrist -152.843
rhand -25.9343 -9.38673
rfingers 7.12502
rthumb 0.609227 -39.3656
lclavicle 2.23914e-015 -1.03865e-014
lhumerus -35.921 -13.9464 92.6626
lradius 34.2368
lwrist 11.0722
lhand -7.92296 26.4856
lfingers 7.12502
lthumb 17.983 55.6742
rfemur -6.17039 -9.6477 17.1283
rtibia 2.12086
rfoot -7.78167 -2.76186
rtoes -15.6697
lfemur -13.5152 9.73343 -18.5779
ltibia 18.1473
lfoot -15.6182 -4.37192
ltoes -22.3492
4
root 1.58229 18.4892 -0.101346 138.457 89.9622 127.039
lowerback -11.4779 -2.50983 -0.679555
upperback -3.09515 -3.17097 0.735186
thorax 3.27153 -1.53076 0.701202
lowerneck -10.7567 -12.6158 -7.82884
upperneck 34.8285 -18.2736 6.82286
head 15.4623 -7.58993 1.14704
rclavicle 1.95215e-014 -7.70291e-015
rhumerus -30.6324 -12.1106 -81.669
rradius 39.65
rwrist -152.989
rhand -26.007 -9.25697
rfingers 7.12502
rthumb 0.538953 -39.236
lclavicle 1.95215e-014 -7.70291e-015
lhumerus -35.8829 -13.8819 92.6895
lradius 34.2292
lwrist 11.0651
lhand -8.03235 26.368
lfingers 7.12502
lthumb 17.8777 55.5663
rfemur -5.99868 -9.67817 17.1043
rtibia 1.82493
rfoot -7.65509 -2.82506
rtoes -15.6822
lfemur -13.5265 9.72495 -18.5884
ltibia 18.1759
lfoot -15.4791 -4.3056
ltoes -23.9595
5
root 1.59044 18.4874 -0.105206 216.645 90.0135 205.222
lowerback -11.5392 -2.50369 -0.624897
upperback -3.09224 -3.16882 0.746393
thorax 3.30576 -1.52923 0.679856
lowerneck -10.7224 -12.605 -7.88309
upperneck 34.8269 -18.2522 6.8447
head 15.4616 -7.58617 1.17044
rclavicle 2.76498e-015 -7.70291e-015
rhumerus -30.6533 -11.8666 -81.7475
rradius 39.7468
rwrist -153.236
rhand -25.9129 -9.15708
rfingers 7.12502
rthumb 0.62985 -39.1359
lclavicle 2.76498e-015 -7.70291e-015
lhumerus -35.8702 -13.7801 92.6682
lradius 34.2983
lwrist 10.9244
lhand -7.91546 26.4519
lfingers 7.12502
lthumb 17.9902 55.6399
rfemur -5.72009 -9.64464 17.0943
rtibia 1.34665
rfoot -7.44616 -2.92649
rtoes -15.8679
lfemur -13.5225 9.76881 -18.568
ltibia 18.2131
lfoot -15.4325 -4.25191
ltoes -25.9372
6
root 1.59582 18.4869 -0.107556 181.73 90.0485 170.301
lowerback -11.5488 -2.49989 -0.626266
upperback -3.10746 -3.16404 0.776794
thorax 3.29687 -1.52653 0.712836
lowerneck -10.7103 -12.604 -7.94155
upperneck 34.8554 -18.2313 6.82408
head 15.4751 -7.58633 1.17542
rclavicle 8.45034e-015 5.1684e-015
rhumerus -30.6571 -11.7575 -81.7832
rradius 39.785
rwrist -153.241
rhand -25.8513 -9.16967
rfingers 7.12502
rthumb 0.68936 -39.1483
lclavicle 8.45034e-015 5.1684e-015
lhumerus -35.8501 -13.687 92.6803
lradius 34.3461
lwrist 10.8411
lhand -7.81206 26.4638
lfingers 7.12502
lthumb 18.0897 55.6426
rfemur -5.56496 -9.61053 17.0851
rtibia 1.06731
rfoot -7.34032 -2.94504
rtoes -15.9423
lfemur -13.5076 9.74652 -18.5628
ltibia 18.2249
lfoot -15.5796 -4.14748
ltoes -26.8896
7
root 1.60023 18.4862 -0.109014 142.012 90.0921 130.572
lowerback -11.5433 -2.5086 -0.597634
upperback -3.12008 -3.18074 0.83603
thorax 3.28291 -1.53445 0.756402
lowerneck -10.7529 -12.5838 -7.97443
upperneck 34.856 -18.1834 6.79848
head 15.4805 -7.57264 1.17611
rclavicle 1.15505e-017 6.95746e-016
rhumerus -30.6609 -11.6926 -81.7842
rradius 39.8512
rwrist -153.201
rhand -25.9 -9.24725
rfingers 7.12502
rthumb 0.642297 -39.226
lclavicle 1.15505e-017 6.95746e-016
lhumerus -35.804 -13.5762 92.6991
lradius 34.3332
lwrist 10.8911
lhand -7.9847 26.2907
lfingers 7.12502
lthumb 17.9236 55.4848
rfemur -5.3957 -9.58895 17.1366
rtibia 0.746588
rfoot -7.1996 -2.96773
rtoes -15.9935
lfemur -13.5051 9.77081 -18.5
ltibia 18.2294
lfoot -15.6676 -4.11676
ltoes -27.2435
8
root 1.60455 18.4864 -0.111411 139.411 90.0848 127.984
lowerback -11.5527 -2.50302 -0.59104
upperback -3.11312 -3.17407 0.831289
thorax 3.29451 -1.5312 0.748172
lowerneck -10.7398 -12.589 -7.98217
upperneck 34.834 -18.1953 6.81876
head 15.4719 -7.57752 1.18408
rclavicle -4.57754e-014 1.31198e-014
rhumerus -30.6707 -11.6508 -81.8303
rradius 39.9229
rwrist -153.272
rhand -25.8903 -9.26614
rfingers 7.12502
rthumb 0.651727 -39.2449
lclavicle -4.57754e-014 1.31198e-014
lhumerus -35.7877 -13.5722 92.7014
lradius 34.3373
lwrist 10.9376
lhand -8.11044 26.1649
lfingers 7.12502
lthumb 17.8026 55.37
rfemur -5.09203 -9.60213 17.0997
rtibia 0.254794
rfoot -7.01512 -2.98808
rtoes -15.8171
lfemur -13.47 9.79502 -18.5051
ltibia 18.2291
lfoot -15.6645 -4.14893
ltoes -26.977
9
root 1.60999 18.4878 -0.111865 153.629 90.0589 142.228
lowerback -11.5514 -2.48758 -0.630003
upperback -3.09969 -3.14856 0.802778
thorax 3.30778 -1.51899 0.743788
lowerneck -10.7647 -12.6129 -7.91904
upperneck 34.8718 -18.2373 6.78695
head 15.488 -7.58791 1.15198
rclavicle -4.46218e-014 -6.95746e-015
rhumerus -30.6714 -11.7559 -81.8461
rradius 39.9283
rwrist -153.346
rhand -25.797 -9.28549
rfingers 7.12502
rthumb 0.741855 -39.2639
lclavicle -4.46218e-014 -6.95746e-015
lhumerus -35.7779 -13.6881 92.7153
lradius 34.3509
lwrist 10.9733
lhand -8.12949 26.1796
lfingers 7.12502
lthumb 17.7842 55.3864
rfemur -4.88789 -9.61653 17.0414
rtibia 2.06736e-014
rfoot -6.92629 -3.01092
rtoes -15.7124
lfemur -13.4116 9.7974 -18.5364
ltibia 18.2207
lfoot -15.6448 -4.16725
ltoes -26.6971
10
root 1.61441 18.4875 -0.112712 88.4579 90.0925 77.0671
lowerback -11.5386 -2.51476 -0.594694
upperback -3.10914 -3.1897 0.837224
thorax 3.29181 -1.53907 0.754618
lowerneck -10.7641 -12.6064 -7.891
upperneck 34.9024 -18.2171 6.73396
head 15.4895 -7.58126 1.13052
rclavicle -7.61833e-015 2.08724e-015
rhumerus -30.706 -11.7196 -81.8384
rradius 39.9465
rwrist -153.428
rhand -25.7889 -9.34339
rfingers 7.12502
rthumb 0.749613 -39.3218
lclavicle -7.61833e-015 2.08724e-015
lhumerus -35.776 -13.7043 92.7306
lradius 34.4073
lwrist 11.0084
lhand -8.06537 26.2326
lfingers 7.12502
lthumb 17.8459 55.4337
rfemur -5.08256 -9.66792 17.1235
rtibia 0.443956
rfoot -7.16556 -2.95555
rtoes -15.5537
lfemur -13.386 9.75015 -18.4668
ltibia 18.1993
lfoot -15.536 -4.2439
ltoes -25.636
11
root 1.6194 18.4882 -0.113979 76.5758 90.1228 65.1908
lowerback -11.5659 -2.5049 -0.554204
upperback -3.09106 -3.18131 0.82747
thorax 3.32264 -1.53491 0.721404
lowerneck -10.7271 -12.6199 -7.89296
upperneck 34.846 -18.2539 6.79101
head 15.4657 -7.59373 1.14942
rclavicle 1.14544e-014 -3.77691e-015
rhumerus -30.6801 -11.8112 -81.8504
rradius 39.9285
rwrist -153.386
rhand -25.846 -9.48053
rfingers 7.12502
rthumb 0.694438 -39.4591
lclavicle 1.14544e-014 -3.77691e-015
lhumerus -35.7243 -13.7976 92.7408
lradius 34.4163
lwrist 10.9929
lhand -8.01579 26.3164
lfingers 7.12502
lthumb 17.8936 55.5132
rfemur -5.07847 -9.69384 17.1476
rtibia 0.49778
rfoot -7.22996 -2.93996
rtoes -15.4524
lfemur -13.3709 9.73757 -18.4419
ltibia 18.2044
lfoot -15.4983 -4.28153
ltoes -25.3781
12
root 1.62453 18.4883 -0.115715 67.6812 90.0555 56.2827
lowerback -11.6168 -2.4879 -0.590418
upperback -3.08102 -3.15264 0.78428
thorax 3.35997 -1.52084 0.698612
lowerneck -10.7034 -12.6347 -7.90053
upperneck 34.8025 -18.2945 6.85389
head 15.4533 -7.60639 1.16975
rclavicle 1.76862e-014 -1.08338e-014
rhumerus -30.6638 -11.8871 -81.8826
rradius 39.9169
rwrist -153.399
rhand -25.8845 -9.51825
rfingers 7.12502
rthumb 0.657268 -39.497
lclavicle 1.76862e-014 -1.08338e-014
lhumerus -35.7016 -13.9499 92.7777
lradius 34.3741
lwrist 11.0231
lhand -8.1347 26.1869
lfingers 7.12502
lthumb 17.7792 55.3942
rfemur -4.81649 -9.69237 17.0503
rtibia -1.43125e-014
rfoot -7.00997 -3.01141
rtoes -15.9159
lfemur -13.3779 9.81095 -18.5288
ltibia 18.2462
lfoot -15.561 -4.30165
ltoes -25.8296
13
root 1.6271 18.4868 -0.117775 66.641 90.0897 55.2228
lowerback -11.6263 -2.47185 -0.53313
upperback -3.09395 -3.13693 0.775742
thorax 3.34784 -1.51242 0.659893
lowerneck -10.6683 -12.6403 -7.87009
upperneck 34.7783 -18.3119 6.86408
head 15.4328 -7.61085 1.16874
rclavicle 4.11057e-014 4.17448e-015
rhumerus -30.7034 -11.8541 -81.9219
rradius 39.9701
rwrist -153.495
rhand -25.8363 -9.43602
rfingers 7.12502
rthumb 0.703835 -39.4146
lclavicle 4.11057e-014 4.17448e-015
lhumerus -35.7078 -14.0415 92.8067
lradius 34.366
lwrist 11.0845
lhand -8.27067 25.985
lfingers 7.12502
lthumb 17.6484 55.204
rfemur -4.83017 -9.70749 17.0875
rtibia -2.62396e-014
rfoot -6.99922 -3.05667
rtoes -16.1305
lfemur -13.4291 9.87648 -18.5079
ltibia 18.3178
lfoot -15.6108 -4.37255
ltoes -25.8331
14
root 1.62704 18.485 -0.119553 59.7469 90.1303 48.3407
lowerback -11.5391 -2.47839 -0.505472
upperback -3.11945 -3.14934 0.790201
thorax 3.27307 -1.51835 0.661941
lowerneck -10.6742 -12.6419 -7.84268
upperneck 34.7949 -18.3054 6.81779
head 15.4313 -7.60972 1.14693
rclavicle -1.69158e-014 2.28602e-015
rhumerus -30.7342 -11.818 -81.9531
rradius 39.9963
rwrist -153.506
rhand -25.87 -9.34054
rfingers 7.12502
rthumb 0.671333 -39.3192
lclavicle -1.69158e-014 2.28602e-015
lhumerus -35.7556 -14.0008 92.8045
lradius 34.4397
lwrist 11.045
lhand -8.31379 25.8868
lfingers 7.12502
lthumb 17.6069 55.1096
rfemur -4.81871 -9.73629 17.1199
rtibia -1.59028e-015
rfoot -7.00402 -3.08523
rtoes -16.0411
lfemur -13.4577 9.81655 -18.4717
ltibia 18.3821
lfoot -15.6063 -4.38283
ltoes -25.5659
15
root 1.63154 18.4846 -0.122309 71.4771 90.1719 60.0909
lowerback -11.5144 -2.4778 -0.438624
upperback -3.1136 -3.15765 0.81176
thorax 3.26338 -1.52238 0.646561
lowerneck -10.7395 -12.6357 -7.79048
upperneck 34.8323 -18.2819 6.73754
head 15.4437 -7.59993 1.10672
rclavicle -3.13835e-014 -4.87022e-015
rhumerus -30.7271 -11.762 -81.9843
rradius 40.0033
rwrist -153.58
rhand -25.8848 -9.32355
rfingers 7.12502
rthumb 0.656998 -39.3023
lclavicle -3.13835e-014 -4.87022e-015
lhumerus -35.7882 -14.0457 92.8499
lradius 34.4973
lwrist 11.1196
lhand -8.41653 25.8753
lfingers 7.12502
lthumb 17.508 55.1069
rfemur -4.77987 -9.72548 17.1584
rtibia 1.35174e-014
rfoot -7.02785 -3.04917
rtoes -15.7705
lfemur -13.46 9.8307 -18.4212
ltibia 18.4498
lfoot -15.6478 -4.35307
ltoes -25.6912
16
root 1.63744 18.4839 -0.124075 83.4839 90.1805 72.0706
lowerback -11.5535 -2.48446 -0.423705
upperback -3.13027 -3.16792 0.835209
thorax 3.26815 -1.52691 0.65985
lowerneck -10.7311 -12.6121 -7.75553
upperneck 34.8364 -18.2343 6.68041
head 15.426 -7.58363 1.08864
rclavicle -9.53662e-015 -5.1684e-015
rhumerus -30.7342 -11.6219 -82.0364
rradius 40.049
rwrist -153.719
rhand -25.8753 -9.23872
rfingers 7.12502
rthumb 0.666203 -39.2174
lclavicle -9.53662e-015 -5.1684e-015
lhumerus -35.8224 -14.0007 92.8582
lradius 34.5226
lwrist 11.1641
lhand -8.49789 25.9407
lfingers 7.12502
lthumb 17.4297 55.1793
rfemur -4.79555 -9.69365 17.1736
rtibia 1.27222e-014
rfoot -7.02256 -3.01583
rtoes -15.6914
lfemur -13.4871 9.81091 -18.4045
ltibia 18.476
lfoot -15.699 -4.32412
ltoes -25.4828
17
root 1.64523 18.4836 -0.127453 100.719 90.2405 89.2996
lowerback -11.6023 -2.45012 -0.340461
upperback -3.11752 -3.13297 0.859194
thorax 3.30442 -1.50914 0.640748
lowerneck -10.7466 -12.6099 -7.75984
upperneck 34.8258 -18.2366 6.70283
head 15.4284 -7.58186 1.09685
rclavicle -4.65641e-014 -3.97569e-016
rhumerus -30.7159 -11.6088 -82.0281
rradius 40.064
rwrist -153.718
rhand -25.8374 -9.2009
rfingers 7.12502
rthumb 0.702793 -39.1795
lclavicle -4.65641e-014 -3.97569e-016
lhumerus -35.7786 -13.9448 92.8677
lradius 34.4992
lwrist 11.0925
lhand -8.43951 26.1049
lfingers 7.12502
lthumb 17.4859 55.3385
rfemur -4.78672 -9.63056 17.22
rtibia -4.77083e-015
rfoot -7.0368 -3.03513
rtoes -15.8239
lfemur -13.4555 9.88748 -18.3486
ltibia 18.4607
lfoot -15.739 -4.36717
ltoes -25.2829
18
root 1.65158 18.4831 -0.130578 114.438 90.2028 102.995
lowerback -11.6365 -2.43343 -0.370048
upperback -3.12389 -3.10646 0.850418
thorax 3.31721 -1.49587 0.65078
lowerneck -10.7568 -12.617 -7.79703
upperneck 34.8351 -18.2567 6.75201
head 15.4493 -7.58687 1.11744
rclavicle 1.09055e-014 1.98785e-016
rhumerus -30.734 -11.585 -82.0372
rradius 40.0858
rwrist -153.692
rhand -25.8529 -9.18134
rfingers 7.12502
rthumb 0.687782 -39.16
lclavicle 1.09055e-014 1.98785e-016
lhumerus -35.7873 -13.9681 92.8956
lradius 34.5046
lwrist 11.0808
lhand -8.51316 26.1304
lfingers 7.12502
lthumb 17.415 55.3703
rfemur -4.79514 -9.59575 17.1504
rtibia -8.74653e-015
rfoot -7.03347 -3.02924
rtoes -15.846
lfemur -13.423 9.87498 -18.4118
ltibia 18.4126
lfoot -15.7611 -4.34109
ltoes -25.0727
19
root 1.65874 18.4835 -0.132954 145.899 90.1426 134.441
lowerback -11.6603 -2.42368 -0.465227
upperback -3.13427 -3.08097 0.82953
thorax 3.32283 -1.48342 0.685402
lowerneck -10.7702 -12.6361 -7.8276
upperneck 34.8348 -18.2827 6.763
head 15.4605 -7.59963 1.12009
rclavicle -3.49623e-014 5.26779e-015
rhumerus -30.7755 -11.5588 -82.0259
rradius 40.0762
rwrist -153.696
rhand -25.8136 -9.21612
rfingers 7.12502
rthumb 0.725735 -39.1946
lclavicle -3.49623e-014 5.26779e-015
lhumerus -35.8322 -13.9713 92.9161
lradius 34.5453
lwrist 11.0585
lhand -8.51187 26.0844
lfingers 7.12502
lthumb 17.4163 55.3241
rfemur -4.79189 -9.5661 17.0228
rtibia -1.59028e-015
rfoot -7.06952 -3.02606
rtoes -15.8149
lfemur -13.3834 9.84639 -18.5296
ltibia 18.3687
lfoot -15.7702 -4.32108
ltoes -24.8371
20
root 1.66566 18.4828 -0.134029 162.732 90.1324 151.281
lowerback -11.6547 -2.44502 -0.517156
upperback -3.15047 -3.10308 0.841462
thorax 3.30671 -1.49437 0.724318
lowerneck -10.7 -12.6257 -7.86616
upperneck 34.7703 -18.263 6.78631
head 15.419 -7.59985 1.14409
rclavicle 5.49444e-015 -1.78906e-015
rhumerus -30.7767 -11.5064 -82.0374
rradius 40.0152
rwrist -153.644
rhand -25.7144 -9.27671
rfingers 7.12502
rthumb 0.821584 -39.2549
lclavicle 5.49444e-015 -1.78906e-015
lhumerus -35.8858 -13.9041 92.9301
lradius 34.5611
lwrist 11.0771
lhand -8.45325 26.1279
lfingers 7.12502
lthumb 17.4727 55.3627
rfemur -4.75713 -9.55924 16.9676
rtibia 9.54166e-015
rfoot -7.08128 -3.0196
rtoes -15.6698
lfemur -13.3347 9.92702 -18.5811
ltibia 18.3418
lfoot -15.7652 -4.37104
ltoes -25.2046
21
root 1.67226 18.4828 -0.135904 149.491 90.1353 138.02
lowerback -11.6736 -2.45009 -0.468335
upperback -3.16971 -3.11476 0.85189
thorax 3.29521 -1.49946 0.705824
lowerneck -10.7017 -12.627 -7.87382
upperneck 34.8043 -18.2617 6.77495
head 15.4353 -7.59957 1.1407
rclavicle -1.2241e-014 -1.41137e-014
rhumerus -30.7962 -11.4708 -82.0502
rradius 40.0098
rwrist -153.672
rhand -25.7463 -9.13682
rfingers 7.12502
rthumb 0.790789 -39.1151
lclavicle -1.2241e-014 -1.41137e-014
lhumerus -35.95 -13.9128 92.9598
lradius 34.5833
lwrist 11.1888
lhand -8.55438 26.1094
lfingers 7.12502
lthumb 17.3754 55.3528
rfemur -4.76545 -9.57133 16.9918
rtibia 1.43125e-014
rfoot -7.00453 -3.01815
rtoes -15.676
lfemur -13.3304 9.98394 -18.5576
ltibia 18.3261
lfoot -15.7645 -4.42395
ltoes -25.4924
22
root 1.67723 18.4813 -0.13873 131.975 90.1212 120.457
lowerback -11.7259 -2.45503 -0.402951
upperback -3.17967 -3.12757 0.845059
thorax 3.30979 -1.50504 0.658361
lowerneck -10.7494 -12.6213 -7.86891
upperneck 34.8508 -18.2611 6.78669
head 15.4701 -7.59217 1.14147
rclavicle -2.69289e-014 3.18055e-015
rhumerus -30.792 -11.5019 -82.0547
rradius 39.9699
rwrist -153.72
rhand -25.769 -9.11314
rfingers 7.12502
rthumb 0.768857 -39.0915
lclavicle -2.69289e-014 3.18055e-015
lhumerus -35.9737 -13.9287 92.9441
lradius 34.5662
lwrist 11.2304
lhand -8.52287 26.0778
lfingers 7.12502
lthumb 17.4057 55.3185
rfemur -4.79516 -9.6109 17.0093
rtibia -7.95139e-016
rfoot -6.99909 -3.01282
rtoes -15.6009
lfemur -13.3701 10.0448 -18.5551
ltibia 18.3412
lfoot -15.7579 -4.52083
ltoes -25.3202
23
root 1.6799 18.48 -0.140584 160.186 90.0747 148.628
lowerback -11.7503 -2.453 -0.435374
upperback -3.19382 -3.11871 0.807348
thorax 3.30785 -1.50043 0.638043
lowerneck -10.7395 -12.6149 -7.82893
upperneck 34.8583 -18.2699 6.81119
head 15.4709 -7.58687 1.14482
rclavicle 1.24537e-014 -5.26779e-015
rhumerus -30.791 -11.6363 -82.0573
rradius 39.946
rwrist -153.668
rhand -25.8974 -9.12133
rfingers 7.12502
rthumb 0.644883 -39.1001
lclavicle 1.24537e-014 -5.26779e-015
lhumerus -36.0239 -14.0388 92.9519
lradius 34.5693
lwrist 11.2849
lhand -8.44379 26.1313
lfingers 7.12502
lthumb 17.4818 55.3652
rfemur -4.83706 -9.62554 16.9396
rtibia -1.90833e-014
rfoot -6.98727 -3.01826
rtoes -15.9052
lfemur -13.4087 9.98615 -18.6397
ltibia 18.3499
lfoot -15.7771 -4.47661
ltoes -24.9408
24
root 1.68344 18.4788 -0.14155 130.455 90.1031 118.886
lowerback -11.7335 -2.45032 -0.372314
upperback -3.20409 -3.12285 0.823221
thorax 3.28554 -1.50207 0.619558
lowerneck -10.7322 -12.6132 -7.82154
upperneck 34.8718 -18.2708 6.81404
head 15.4754 -7.58512 1.14534
rclavicle -1.5253e-014 4.87022e-015
rhumerus -30.7783 -11.7339 -82.0417
rradius 39.8829
rwrist -153.523
rhand -25.7992 -9.21277
rfingers 7.12502
rthumb 0.739654 -39.1912
lclavicle -1.5253e-014 4.87022e-015
lhumerus -36.0602 -14.0894 92.9647
lradius 34.5595
lwrist 11.2835
lhand -8.30763 26.3254
lfingers 7.12502
lthumb 17.6128 55.5476
rfemur -4.82907 -9.62938 16.9952
rtibia 0
rfoot -7.01368 -3.01936
rtoes -15.7982
lfemur -13.41 9.97129 -18.5824
ltibia 18.3571
lfoot -15.7969 -4.48493
ltoes -24.6178
25
root 1.68874 18.4786 -0.143376 125.377 90.1274 113.815
lowerback -11.7038 -2.44773 -0.357447
upperback -3.2157 -3.12181 0.846093
thorax 3.25763 -1.50141 0.636644
lowerneck -10.7316 -12.6193 -7.80869
upperneck 34.8963 -18.2726 6.78057
head 15.481 -7.58713 1.12962
rclavicle 3.12144e-014 -1.11319e-014
rhumerus -30.8116 -11.8307 -81.9947
rradius 39.857
rwrist -153.479
rhand -25.7226 -9.32556
rfingers 7.12502
rthumb 0.81362 -39.3037
lclavicle 3.12144e-014 -1.11319e-014
lhumerus -36.0694 -14.0786 92.9833
lradius 34.4978
lwrist 11.2626
lhand -8.26682 26.3232
lfingers 7.12502
lthumb 17.6521 55.5419
rfemur -4.79939 -9.62201 17.0208
rtibia 0
rfoot -7.04601 -3.05061
rtoes -16.2307
lfemur -13.3687 9.97585 -18.5535
ltibia 18.3465
lfoot -15.8328 -4.45348
ltoes -24.8684
26
root 1.69419 18.4792 -0.146185 92.8012 90.1342 81.2104
lowerback -11.7416 -2.46415 -0.330919
upperback -3.2074 -3.14734 0.86567
thorax 3.28705 -1.51387 0.636615
lowerneck -10.7713 -12.6352 -7.79322
upperneck 34.8832 -18.2986 6.77899
head 15.4842 -7.59567 1.11868
rclavicle -1.42799e-015 7.35503e-015
rhumerus -30.8121 -11.8926 -81.9479
rradius 39.8502
rwrist -153.485
rhand -25.7112 -9.43412
rfingers 7.12502
rthumb 0.824658 -39.4123
lclavicle -1.42799e-015 7.35503e-015
lhumerus -36.0486 -14.1274 93.007
lradius 34.4626
lwrist 11.3271
lhand -8.31935 26.2007
lfingers 7.12502
lthumb 17.6015 55.4239
rfemur -4.79876 -9.69247 17.0427
rtibia -7.95139e-016
rfoot -7.05833 -3.05075
rtoes -16.1634
lfemur -13.3969 9.97465 -18.5343
ltibia 18.3576
lfoot -15.8586 -4.51897
ltoes -24.9241
27
root 1.6989 18.4788 -0.147775 76.3111 90.1196 64.6975
lowerback -11.7614 -2.45382 -0.332094
upperback -3.20445 -3.13271 0.848034
thorax 3.2998 -1.50656 0.6202
lowerneck -10.7996 -12.6694 -7.76615
upperneck 34.8958 -18.354 6.7693
head 15.4978 -7.61471 1.09776
rclavicle -1.63043e-014 1.49089e-015
rhumerus -30.8239 -11.9546 -81.9336
rradius 39.8704
rwrist -153.527
rhand -25.7537 -9.35921
rfingers 7.12502
rthumb 0.783628 -39.3375
lclavicle -1.63043e-014 1.49089e-015
lhumerus -36.0646 -14.2173 93.0195
lradius 34.4713
lwrist 11.3941
lhand -8.38566 26.193
lfingers 7.12502
lthumb 17.5377 55.422
rfemur -4.82375 -9.7297 17.0198
rtibia 0.0479565
rfoot -7.11634 -3.03449
rtoes -16.1765
lfemur -13.4194 9.96438 -18.5648
ltibia 18.3606
lfoot -15.8669 -4.53734
ltoes -24.8072
28
root 1.70253 18.4788 -0.147615 93.9937 90.1051 82.3408
lowerback -11.7527 -2.44998 -0.36214
upperback -3.23201 -3.12391 0.872827
thorax 3.26921 -1.50186 0.665105
lowerneck -10.8242 -12.6711 -7.7806
upperneck 34.941 -18.3472 6.74491
head 15.5233 -7.61309 1.08946
rclavicle 2.35758e-014 -7.35503e-015
rhumerus -30.8521 -11.9492 -81.8871
rradius 39.8966
rwrist -153.535
rhand -25.774 -9.29231
rfingers 7.12502
rthumb 0.764006 -39.2707
lclavicle 2.35758e-014 -7.35503e-015
lhumerus -36.0874 -14.1548 93.0319
lradius 34.4489
lwrist 11.4
lhand -8.3188 26.2217
lfingers 7.12502
lthumb 17.6021 55.4449
rfemur -5.28801 -9.69072 17.0479
rtibia 0.860798
rfoot -7.50457 -2.92788
rtoes -15.9714
lfemur -13.4391 9.99403 -18.5837
ltibia 18.3532
lfoot -15.8306 -4.51882
ltoes -24.6908
29
root 1.70556 18.4787 -0.147948 107.48 90.0839 95.8184
lowerback -11.6832 -2.46673 -0.411651
upperback -3.28105 -3.14008 0.904734
thorax 3.18481 -1.50949 0.727754
lowerneck -10.7372 -12.6609 -7.85442
upperneck 34.9443 -18.3282 6.78243
head 15.5181 -7.61186 1.12552
rclavicle -1.38002e-014 2.5842e-015
rhumerus -30.9484 -11.9065 -81.8158
rradius 39.9672
rwrist -153.583
rhand -25.9098 -9.24313
rfingers 7.12502
rthumb 0.63291 -39.2219
lclavicle -1.38002e-014 2.5842e-015
lhumerus -36.153 -14.0451 93.0513
lradius 34.4127
lwrist 11.33
lhand -8.24602 26.2946
lfingers 7.12502
lthumb 17.6721 55.5115
rfemur -5.47405 -9.6707 17.0403
rtibia 1.20274
rfoot -7.63658 -2.92038
rtoes -15.6326
lfemur -13.4215 9.99165 -18.6079
ltibia 18.3469
lfoot -15.858 -4.49597
ltoes -24.7424
30
root 1.709 18.4773 -0.148619 140.921 90.0687 129.286
lowerback -11.6014 -2.46487 -0.466879
upperback -3.29998 -3.13204 0.92373
thorax 3.12423 -1.50572 0.783409
lowerneck -10.6943 -12.669 -7.89149
upperneck 34.9811 -18.3334 6.78095
head 15.5316 -7.61768 1.13239
rclavicle -1.89964e-014 -1.27222e-014
rhumerus -31.0223 -11.9297 -81.74
rradius 40.0358
rwrist -153.605
rhand -26.0065 -9.16948
rfingers 7.12502
rthumb 0.539463 -39.1485
lclavicle -1.89964e-014 -1.27222e-014
lhumerus -36.1645 -13.9848 93.0634
lradius 34.3237
lwrist 11.2512
lhand -8.15435 26.2236
lfingers 7.12502
lthumb 17.7603 55.4326
rfemur -5.5191 -9.64123 16.9977
rtibia 1.3474
rfoot -7.69409 -2.89938
rtoes -15.5956
lfemur -13.3924 10.0296 -18.6407
ltibia 18.3606
lfoot -15.9334 -4.50531
ltoes -25.0301
31
root 1.71217 18.4762 -0.149728 148.42 90.1195 136.798
lowerback -11.5661 -2.46215 -0.456377
upperback -3.2949 -3.13181 0.96355
thorax 3.11189 -1.50581 0.820172
lowerneck -10.7735 -12.6654 -7.89146
upperneck 35.0829 -18.306 6.70449
head 15.5861 -7.60755 1.1008
rclavicle 4.40588e-015 6.36111e-015
rhumerus -31.0528 -11.9229 -81.6794
rradius 40.0691
rwrist -153.631
rhand -26.0178 -9.23586
rfingers 7.12502
rthumb 0.528578 -39.2149
lclavicle 4.40588e-015 6.36111e-015
lhumerus -36.2053 -13.9921 93.1134
lradius 34.2972
lwrist 11.2012
lhand -8.15717 26.1754
lfingers 7.12502
lthumb 17.7576 55.3846
rfemur -5.7292 -9.58816 17.0384
rtibia 1.76124
rfoot -7.90596 -2.88137
rtoes -15.9288
lfemur -13.3564 10.0063 -18.6085
ltibia 18.3453
lfoot -15.9577 -4.45567
ltoes -24.7681
32
root 1.71505 18.4751 -0.151096 125.356 90.183 113.751
lowerback -11.5416 -2.44658 -0.364203
upperback -3.26654 -3.12464 1.00199
thorax 3.12513 -1.50253 0.809698
lowerneck -10.8039 -12.6701 -7.88968
upperneck 35.0849 -18.3202 6.7258
head 15.5985 -7.60869 1.10426
rclavicle -7.16712e-016 7.55382e-015
rhumerus -31.0508 -11.9703 -81.6013
rradius 40.1289
rwrist -153.709
rhand -26.1343 -9.30962
rfingers 7.12502
rthumb 0.416013 -39.289
lclavicle -7.16712e-016 7.55382e-015
lhumerus -36.217 -14.0709 93.1643
lradius 34.2399
lwrist 11.1601
lhand -8.21811 26.1401
lfingers 7.12502
lthumb 17.699 55.3546
rfemur -5.91869 -9.57923 17.1451
rtibia 2.16031
rfoot -8.08467 -2.87459
rtoes -16.2712
lfemur -13.3068 10.0156 -18.5063
ltibia 18.322
lfoot -15.9672 -4.53
ltoes -24.5866
33
root 1.71903 18.4762 -0.153277 128.873 90.1558 117.268
lowerback -11.5061 -2.44804 -0.370803
upperback -3.24986 -3.12718 1.00645
thorax 3.12375 -1.50433 0.818675
lowerneck -10.7974 -12.6674 -7.89869
upperneck 35.0359 -18.3295 6.77977
head 15.5828 -7.60939 1.12625
rclavicle -3.33188e-014 -4.77083e-015
rhumerus -31.0741 -12.055 -81.5087
rradius 40.2231
rwrist -153.826
rhand -26.2198 -9.37
rfingers 7.12502
rthumb 0.33342 -39.3495
lclavicle -3.33188e-014 -4.77083e-015
lhumerus -36.2228 -14.0272 93.1546
lradius 34.2086
lwrist 11.0391
lhand -8.22469 26.165
lfingers 7.12502
lthumb 17.6926 55.38
rfemur -5.98303 -9.5893 17.1027
rtibia 2.31366
rfoot -8.19283 -2.83787
rtoes -16.336
lfemur -13.2752 10.0248 -18.5495
ltibia 18.308
lfoot -16.0098 -4.49791
ltoes -25.059
34
root 1.72156 18.4763 -0.154023 127.395 90.1644 115.821
lowerback -11.4008 -2.43766 -0.34268
upperback -3.23084 -3.11888 1.0158
thorax 3.08478 -1.50098 0.817609
lowerneck -10.9027 -12.6826 -7.88903
upperneck 35.1388 -18.3596 6.77751
head 15.6599 -7.61018 1.11025
rclavicle 3.43797e-016 2.5842e-015
rhumerus -31.1072 -12.1161 -81.4236
rradius 40.3204
rwrist -153.906
rhand -26.2251 -9.32086
rfingers 7.12502
rthumb 0.328318 -39.3004
lclavicle 3.43797e-016 2.5842e-015
lhumerus -36.2549 -14.1007 93.1937
lradius 34.2278
lwrist 11.0325
lhand -8.27327 26.2697
lfingers 7.12502
lthumb 17.6459 55.4889
rfemur -6.03132 -9.58479 17.1105
rtibia 2.49072
rfoot -8.27265 -2.84453
rtoes -16.2773
lfemur -13.2204 10.058 -18.5438
ltibia 18.2918
lfoot -16.0269 -4.42374
ltoes -25.5908
35
root 1.72396 18.4755 -0.155319 140.466 90.2117 128.941
lowerback -11.2772 -2.41464 -0.333924
upperback -3.21081 -3.09283 1.05385
thorax 3.03909 -1.48895 0.860286
lowerneck -10.9462 -12.6892 -7.91491
upperneck 35.1799 -18.3687 6.78877
head 15.6965 -7.61107 1.11359
rclavicle -2.89331e-014 -1.98785e-015
rhumerus -31.1519 -12.1983 -81.2986
rradius 40.4856
rwrist -153.86
rhand -26.3467 -9.32052
rfingers 7.12502
rthumb 0.210893 -39.3002
lclavicle -2.89331e-014 -1.98785e-015
lhumerus -36.2879 -14.1835 93.2763
lradius 34.229
lwrist 11.0615
lhand -8.17665 26.3727
lfingers 7.12502
lthumb 17.7389 55.5836
rfemur -6.13915 -9.51738 17.1139
rtibia 2.76472
rfoot -8.36984 -2.8514
rtoes -16.214
lfemur -13.1224 10.002 -18.5195
ltibia 18.261
lfoot -16.0693 -4.31006
ltoes -25.4287
36
root 1.72402 18.473 -0.156272 154.942 90.2701 143.533
lowerback -11.0507 -2.38468 -0.361115
upperback -3.17818 -3.05477 1.08278
thorax 2.95122 -1.47178 0.918997
lowerneck -10.9464 -12.6903 -7.92847
upperneck 35.1694 -18.3751 6.81714
head 15.698 -7.61169 1.12596
rclavicle 3.44767e-015 -1.07344e-014
rhumerus -31.1823 -12.1642 -81.1853
rradius 40.6918
rwrist -154.004
rhand -26.4716 -9.33476
rfingers 7.12502
rthumb 0.0902115 -39.3145
lclavicle 3.44767e-015 -1.07344e-014
lhumerus -36.271 -14.2672 93.3536
lradius 34.1378
lwrist 11.0787
lhand -8.16916 26.276
lfingers 7.12502
lthumb 17.7461 55.4863
rfemur -6.16554 -9.42795 17.0857
rtibia 3.03217
rfoot -8.46708 -2.84649
rtoes -16.4616
lfemur -12.9642 9.99433 -18.5058
ltibia 18.2416
lfoot -16.0433 -4.28462
ltoes -24.9709
37
root 1.72413 18.4715 -0.15852 161.116 90.3372 149.851
lowerback -10.7817 -2.36983 -0.356486
upperback -3.13421 -3.04129 1.11959
thorax 2.85092 -1.46707 0.965946
lowerneck -11.0319 -12.6804 -7.92914
upperneck 35.2484 -18.3575 6.80103
head 15.7532 -7.59824 1.11682
rclavicle 1.87991e-015 -8.74653e-015
rhumerus -31.2078 -12.1104 -81.066
rradius 40.9259
rwrist -154.303
rhand -26.4836 -9.32415
rfingers 7.12502
rthumb 0.0786264 -39.3039
lclavicle 1.87991e-015 -8.74653e-015
lhumerus -36.2951 -14.3958 93.4644
lradius 34.0967
lwrist 11.1156
lhand -8.2364 26.057
lfingers 7.12502
lthumb 17.6814 55.273
rfemur -6.08053 -9.34631 17.0537
rtibia 3.17661
rfoot -8.57623 -2.8127
rtoes -16.5309
lfemur -12.8006 10.0768 -18.493
ltibia 18.2605
lfoot -16.0726 -4.2652
ltoes -25.1222
38
root 1.72414 18.4713 -0.162171 179.774 90.3901 168.595
lowerback -10.5901 -2.3355 -0.423183
upperback -3.09172 -2.99192 1.10084
thorax 2.79127 -1.44443 0.996871
lowerneck -11.1075 -12.6927 -7.8859
upperneck 35.3259 -18.3855 6.78982
head 15.8053 -7.59747 1.095
rclavicle 2.19121e-014 3.37934e-015
rhumerus -31.2455 -12.2076 -80.9197
rradius 41.1466
rwrist -154.511
rhand -26.3562 -9.40915
rfingers 7.12502
rthumb 0.201678 -39.3888
lclavicle 2.19121e-014 3.37934e-015
lhumerus -36.3254 -14.6654 93.5766
lradius 34.1049
lwrist 11.2462
lhand -8.46451 25.9673
lfingers 7.12502
lthumb 17.4618 55.203
rfemur -6.18212 -9.27228 16.9177
rtibia 3.52202
rfoot -8.7441 -2.78485
rtoes -16.6548
lfemur -12.684 10.0421 -18.6089
ltibia 18.2746
lfoot -16.1601 -4.08571
ltoes -25.6729
39
root 1.7234 18.4695 -0.165687 180.954 90.4653 169.866
lowerback -10.3946 -2.2978 -0.394466
upperback -3.03987 -2.94924 1.10946
thorax 2.73581 -1.42491 1.00155
lowerneck -11.147 -12.7092 -7.93718
upperneck 35.4219 -18.4431 6.90158
head 15.8929 -7.60359 1.13404
rclavicle 4.24079e-014 -8.54774e-015
rhumerus -31.2862 -12.332 -80.783
rradius 41.3801
rwrist -154.685
rhand -26.3385 -9.42215
rfingers 7.12502
rthumb 0.218784 -39.4018
lclavicle 4.24079e-014 -8.54774e-015
lhumerus -36.332 -14.8095 93.631
lradius 34.1129
lwrist 11.2445
lhand -8.46398 26.0363
lfingers 7.12502
lthumb 17.4624 55.2719
rfemur -6.33481 -9.19199 16.8915
rtibia 3.9447
rfoot -8.89833 -2.76262
rtoes -16.4954
lfemur -12.5662 10.0027 -18.6041
ltibia 18.2909
lfoot -16.239 -3.97853
ltoes -25.7369
40
root 1.71904 18.4672 -0.167516 184.083 90.5372 173.095
lowerback -10.166 -2.28974 -0.427512
upperback -2.96048 -2.94172 1.13897
thorax 2.69562 -1.42367 1.05843
lowerneck -11.2187 -12.6867 -8.0045
upperneck 35.5064 -18.4446 7.03705
head 15.9823 -7.58497 1.19456
rclavicle -7.97623e-015 -1.43125e-014
rhumerus -31.2026 -12.2948 -80.6874
rradius 41.5815
rwrist -154.938
rhand -26.3716 -9.42243
rfingers 7.12502
rthumb 0.18681 -39.4021
lclavicle -7.97623e-015 -1.43125e-014
lhumerus -36.3137 -14.861 93.6412
lradius 34.1513
lwrist 11.1569
lhand -8.35479 26.1201
lfingers 7.12502
lthumb 17.5674 55.3464
rfemur -6.4852 -9.11514 16.8463
rtibia 4.34614
rfoot -9.00938 -2.76296
rtoes -16.7608
lfemur -12.479 9.96027 -18.6172
ltibia 18.3134
lfoot -16.274 -3.90288
ltoes -25.4266
41
root 1.71374 18.467 -0.169693 185.909 90.6146 175.018
lowerback -9.91739 -2.28957 -0.434756
upperback -2.87677 -2.94791 1.18177
thorax 2.64843 -1.42926 1.11356
lowerneck -11.2541 -12.6589 -8.04485
upperneck 35.513 -18.4129 7.10077
head 16.0056 -7.56641 1.23076
rclavicle -2.3587e-014 -5.1684e-015
rhumerus -31.0696 -12.225 -80.5488
rradius 41.6747
rwrist -155.383
rhand -26.2191 -9.67798
rfingers 7.12502
rthumb 0.334104 -39.6575
lclavicle -2.3587e-014 -5.1684e-015
lhumerus -36.274 -14.84 93.6362
lradius 34.1682
lwrist 11.075
lhand -8.31245 26.2002
lfingers 7.12502
lthumb 17.6082 55.4228
rfemur -6.61177 -9.03439 16.8021
rtibia 4.72424
rfoot -9.14495 -2.73319
rtoes -16.6996
lfemur -12.3883 9.87079 -18.6203
ltibia 18.3389
lfoot -16.2788 -3.78866
ltoes -25.2157
42
root 1.71095 18.4673 -0.173181 189.12 90.7203 178.298
lowerback -9.72027 -2.28491 -0.437394
upperback -2.80156 -2.94711 1.20565
thorax 2.61924 -1.43102 1.14562
lowerneck -11.2871 -12.6405 -8.01578
upperneck 35.5201 -18.3956 7.11505
head 16.0134 -7.55188 1.23373
rclavicle -6.5102e-015 -1.39149e-015
rhumerus -30.9705 -12.2972 -80.3784
rradius 41.7134
rwrist -155.916
rhand -25.9573 -9.94445
rfingers 7.12502
rthumb 0.587002 -39.9234
lclavicle -6.5102e-015 -1.39149e-015
lhumerus -36.3283 -15.0325 93.7052
lradius 34.3001
lwrist 11.1066
lhand -8.41119 26.2751
lfingers 7.12502
lthumb 17.5132 55.5063
rfemur -6.87435 -8.93038 16.7374
rtibia 5.30449
rfoot -9.40137 -2.6811
rtoes -16.8996
lfemur -12.2807 9.89982 -18.6739
ltibia 18.3098
lfoot -16.2526 -3.67033
ltoes -25.2325
43
root 1.70716 18.467 -0.177628 192.722 90.8559 181.997
lowerback -9.4937 -2.26269 -0.453703
upperback -2.71083 -2.92244 1.2306
thorax 2.58988 -1.42128 1.19002
lowerneck -11.2985 -12.6219 -8.00179
upperneck 35.4965 -18.378 7.14803
head 16.0053 -7.53917 1.24818
rclavicle 2.00027e-015 5.36719e-015
rhumerus -30.8829 -12.2028 -80.2345
rradius 41.9392
rwrist -156.508
rhand -25.4673 -10.1399
rfingers 7.12502
rthumb 1.06023 -40.1171
lclavicle 2.00027e-015 5.36719e-015
lhumerus -36.3544 -15.2837 93.8167
lradius 34.4047
lwrist 11.1666
lhand -8.46455 26.3289
lfingers 7.12502
lthumb 17.4618 55.5647
rfemur -7.07771 -8.80297 16.6333
rtibia 5.79927
rfoot -9.5963 -2.66094
rtoes -16.9565
lfemur -12.1427 9.88677 -18.742
ltibia 18.2793
lfoot -16.2683 -3.53895
ltoes -25.2716
44
root 1.70202 18.4673 -0.180619 199.773 91.0233 189.077
lowerback -9.29555 -2.23059 -0.528455
upperback -2.63793 -2.87722 1.21582
thorax 2.55783 -1.40112 1.22769
lowerneck -11.4093 -12.6128 -7.942
upperneck 35.582 -18.3664 7.10813
head 16.0597 -7.52232 1.21774
rclavicle 1.41634e-015 5.56597e-015
rhumerus -30.7609 -12.0689 -80.161
rradius 42.2732
rwrist -156.929
rhand -24.7314 -9.97428
rfingers 7.12502
rthumb 1.771 -39.9467
lclavicle 1.41634e-015 5.56597e-015
lhumerus -36.3615 -15.4709 93.8674
lradius 34.518
lwrist 11.0979
lhand -8.2868 26.2951
lfingers 7.12502
lthumb 17.6329 55.5155
rfemur -7.34141 -8.67502 16.4576
rtibia 6.26927
rfoot -9.81251 -2.67462
rtoes -16.9291
lfemur -12.0993 9.88248 -18.9204
ltibia 18.2381
lfoot -16.2679 -3.40514
ltoes -25.3757
45
root 1.69674 18.4656 -0.183019 203.142 91.1086 192.456
lowerback -9.10864 -2.22314 -0.539555
upperback -2.5766 -2.86993 1.19707
thorax 2.51752 -1.39931 1.22102
lowerneck -11.4673 -12.61 -7.85245
upperneck 35.6779 -18.3776 7.07984
head 16.1077 -7.51058 1.18699
rclavicle 2.03444e-014 -4.96962e-015
rhumerus -30.7122 -11.9975 -80.084
rradius 42.6631
rwrist -157.074
rhand -24.3208 -9.43202
rfingers 7.12502
rthumb 2.16749 -39.4008
lclavicle 2.03444e-014 -4.96962e-015
lhumerus -36.4109 -15.6364 93.8427
lradius 34.672
lwrist 11.0622
lhand -8.09473 26.1881
lfingers 7.12502
lthumb 17.8177 55.3918
rfemur -7.61196 -8.6183 16.3618
rtibia 6.71692
rfoot -9.99859 -2.68065
rtoes -16.5583
lfemur -12.0718 9.801 -19.0257
ltibia 18.1882
lfoot -16.2171 -3.27405
ltoes -25.2835
46
root 1.68809 18.4639 -0.185573 207.291 91.2346 196.677
lowerback -8.85636 -2.24047 -0.630724
upperback -2.47649 -2.89115 1.19843
thorax 2.48688 -1.41286 1.27831
lowerneck -11.4537 -12.5817 -7.81303
upperneck 35.6829 -18.3546 7.11561
head 16.1048 -7.49123 1.20201
rclavicle 1.46169e-014 1.23246e-014
rhumerus -30.6301 -11.9029 -79.9956
rradius 43.0697
rwrist -157.258
rhand -24.3702 -9.14348
rfingers 7.12502
rthumb 2.11979 -39.1127
lclavicle 1.46169e-014 1.23246e-014
lhumerus -36.4412 -15.694 93.7868
lradius 34.9566
lwrist 10.8883
lhand -7.79653 26.5546
lfingers 7.12502
lthumb 18.1046 55.732
rfemur -7.80493 -8.5372 16.213
rtibia 7.11912
rfoot -10.1051 -2.68237
rtoes -16.2165
lfemur -11.9939 9.77938 -19.1744
ltibia 18.1491
lfoot -16.1708 -3.11993
ltoes -25.3618
47
root 1.68097 18.4641 -0.189168 207.303 91.3891 196.76
lowerback -8.58548 -2.25914 -0.675059
upperback -2.37097 -2.92043 1.26634
thorax 2.45282 -1.43026 1.37789
lowerneck -11.4722 -12.5443 -7.8066
upperneck 35.7034 -18.2884 7.09226
head 16.1081 -7.46485 1.2036
rclavicle -1.26353e-014 7.55382e-015
rhumerus -30.463 -11.6797 -79.866
rradius 43.4356
rwrist -157.754
rhand -24.4537 -9.12132
rfingers 7.12502
rthumb 2.03918 -39.0913
lclavicle -1.26353e-014 7.55382e-015
lhumerus -36.4728 -15.6709 93.7357
lradius 35.3521
lwrist 10.5549
lhand -7.20354 27.3167
lfingers 7.12502
lthumb 18.6751 56.4403
rfemur -7.94084 -8.39545 16.1334
rtibia 7.44823
rfoot -10.2023 -2.67522
rtoes -16.3978
lfemur -11.9241 9.75937 -19.2508
ltibia 18.1487
lfoot -16.1709 -2.97993
ltoes -25.0897
48
root 1.67357 18.4647 -0.196772 205.933 91.6009 195.462
lowerback -8.30139 -2.22532 -0.607177
upperback -2.26033 -2.88844 1.30144
thorax 2.40744 -1.41674 1.38779
lowerneck -11.5448 -12.5391 -7.82761
upperneck 35.7558 -18.272 7.08288
head 16.1517 -7.45653 1.2009
rclavicle 1.94933e-014 -1.55052e-014
rhumerus -30.2878 -11.4802 -79.7029
rradius 43.8198
rwrist -158.269
rhand -24.6253 -9.16751
rfingers 7.12502
rthumb 1.87345 -39.139
lclavicle 1.94933e-014 -1.55052e-014
lhumerus -36.5123 -15.7784 93.7392
lradius 35.7407
lwrist 10.4599
lhand -6.94998 27.6714
lfingers 7.12502
lthumb 18.9189 56.7713
rfemur -8.10271 -8.19004 16.0353
rtibia 7.77545
rfoot -10.318 -2.66002
rtoes -16.3504
lfemur -11.841 9.71401 -19.3317
ltibia 18.1662
lfoot -16.2437 -2.7009
ltoes -25.3862
49
root 1.66334 18.4642 -0.207329 206.365 91.8527 195.945
lowerback -8.00536 -2.15564 -0.52629
upperback -2.16275 -2.80715 1.27107
thorax 2.33638 -1.3783 1.32849
lowerneck -11.5316 -12.5304 -7.73527
upperneck 35.7618 -18.2721 7.06741
head 16.1372 -7.44665 1.18212
rclavicle -7.06928e-015 1.98785e-015
rhumerus -30.2412 -11.092 -79.627
rradius 44.4252
rwrist -158.873
rhand -24.8201 -8.81165
rfingers 7.12502
rthumb 1.68536 -38.7847
lclavicle -7.06928e-015 1.98785e-015
lhumerus -36.7098 -16.319 93.9281
lradius 36.2109
lwrist 10.9303
lhand -7.77491 27.4373
lfingers 7.12502
lthumb 18.1254 56.6128
rfemur -8.2779 -7.97507 15.8544
rtibia 8.02516
rfoot -10.3356 -2.7024
rtoes -16.755
lfemur -11.8189 9.68648 -19.4935
ltibia 18.2295
lfoot -16.3582 -2.43096
ltoes -25.7872
50
root 1.6517 18.4635 -0.215828 206.353 92.0263 195.99
lowerback -7.71035 -2.12156 -0.427303
upperback -2.02155 -2.776 1.26717
thorax 2.31277 -1.36537 1.27991
lowerneck -11.5663 -12.5238 -7.66094
upperneck 35.7685 -18.2771 7.06901
head 16.1399 -7.43733 1.16848
rclavicle -1.9133e-015 -5.96354e-015
rhumerus -30.2165 -10.6132 -79.6057
rradius 45.2082
rwrist -159.549
rhand -24.9175 -8.45185
rfingers 7.12502
rthumb 1.59122 -38.4257
lclavicle -1.9133e-015 -5.96354e-015
lhumerus -36.8349 -16.6378 94.0146
lradius 36.6841
lwrist 11.2144
lhand -8.29627 27.4168
lfingers 7.12502
lthumb 17.6238 56.638
rfemur -8.46948 -7.81992 15.7319
rtibia 8.34607
rfoot -10.3207 -2.72257
rtoes -16.6562
lfemur -11.7999 9.59676 -19.5928
ltibia 18.2888
lfoot -16.4012 -2.20496
ltoes -25.6253
51
root 1.64153 18.4634 -0.222174 205.422 92.2029 195.084
lowerback -7.47328 -2.1174 -0.374013
upperback -1.84841 -2.78279 1.3295
thorax 2.36059 -1.37174 1.3185
lowerneck -11.7228 -12.5074 -7.62876
upperneck 35.8 -18.2487 7.04328
head 16.1819 -7.41819 1.1475
rclavicle 5.26779e-015 -3.97569e-016
rhumerus -30.0225 -10.1289 -79.5344
rradius 45.8769
rwrist -160.17
rhand -24.9329 -8.26011
rfingers 7.12502
rthumb 1.57633 -38.234
lclavicle 5.26779e-015 -3.97569e-016
lhumerus -36.8212 -16.5567 93.892
lradius 37.1677
lwrist 11.0345
lhand -7.85315 28.0407
lfingers 7.12502
lthumb 18.0501 57.2231
rfemur -8.71718 -7.64864 15.6627
rtibia 8.71796
rfoot -10.3108 -2.74241
rtoes -16.3686
lfemur -11.8132 9.63572 -19.6544
ltibia 18.3568
lfoot -16.4078 -2.10865
ltoes -25.531
52
root 1.62946 18.4631 -0.230146 207.719 92.5396 197.371
lowerback -7.23579 -2.08358 -0.446828
upperback -1.70593 -2.73815 1.33333
thorax 2.37797 -1.35265 1.37298
lowerneck -11.7427 -12.4961 -7.669
upperneck 35.7529 -18.2287 7.08434
head 16.1719 -7.41267 1.17272
rclavicle -6.20705e-014 8.74653e-015
rhumerus -29.76 -9.78176 -79.3808
rradius 46.3578
rwrist -160.666
rhand -25.8778 -8.46076
rfingers 7.12502
rthumb 0.663742 -38.4395
lclavicle -6.20705e-014 8.74653e-015
lhumerus -36.8313 -16.567 93.8226
lradius 37.6442
lwrist 10.8864
lhand -7.51711 28.4463
lfingers 7.12502
lthumb 18.3734 57.5985
rfemur -9.04496 -7.403 15.3669
rtibia 9.10773
rfoot -10.3597 -2.75903
rtoes -16.5912
lfemur -11.8936 9.78808 -19.9506
ltibia 18.4288
lfoot -16.3575 -1.93142
ltoes -25.8244
53
root 1.61473 18.4638 -0.236612 206.427 92.8681 196.017
lowerback -7.02275 -2.02845 -0.383485
upperback -1.56187 -2.67533 1.36925
thorax 2.40507 -1.3235 1.38488
lowerneck -11.7502 -12.4842 -7.67618
upperneck 35.657 -18.2193 7.14262
head 16.1332 -7.40872 1.19879
rclavicle 2.31087e-014 -1.66979e-014
rhumerus -29.4769 -9.42906 -79.2463
rradius 46.6732
rwrist -161.518
rhand -26.6943 -8.90006
rfingers 7.12502
rthumb -0.124838 -38.8798
lclavicle 2.31087e-014 -1.66979e-014
lhumerus -36.8585 -16.7356 93.8107
lradius 38.1139
lwrist 11.1206
lhand -7.72802 27.9912
lfingers 7.12502
lthumb 18.1705 57.1624
rfemur -9.4535 -7.09304 15.2533
rtibia 9.48369
rfoot -10.3729 -2.79018
rtoes -17.081
lfemur -12.0462 9.97352 -20.0877
ltibia 18.5224
lfoot -16.2979 -1.76805
ltoes -25.7159
54
root 1.59934 18.4631 -0.241185 206.262 93.1297 195.818
lowerback -6.74515 -1.99624 -0.348695
upperback -1.43016 -2.63963 1.37631
thorax 2.38407 -1.30779 1.38292
lowerneck -11.7297 -12.4724 -7.6032
upperneck 35.5914 -18.2072 7.13259
head 16.0825 -7.4018 1.18742
rclavicle -2.20651e-014 -8.34896e-015
rhumerus -29.2544 -9.067 -79.1418
rradius 47.0883
rwrist -162.116
rhand -25.6615 -8.88491
rfingers 7.12502
rthumb 0.872637 -38.8629
lclavicle -2.20651e-014 -8.34896e-015
lhumerus -36.9399 -16.9741 93.788
lradius 38.5964
lwrist 11.5027
lhand -8.03224 27.185
lfingers 7.12502
lthumb 17.8778 56.3832
rfemur -9.83936 -6.86127 15.1329
rtibia 9.91332
rfoot -10.5517 -2.78865
rtoes -17.6197
lfemur -12.1583 10.1112 -20.2287
ltibia 18.5979
lfoot -16.2389 -1.71009
ltoes -25.3507
55
root 1.58208 18.4633 -0.24803 205.63 93.2768 195.161
lowerback -6.37661 -1.95816 -0.200672
upperback -1.31581 -2.60254 1.38892
thorax 2.2895 -1.29021 1.32674
lowerneck -11.7111 -12.5205 -7.57219
upperneck 35.5412 -18.2993 7.18351
head 16.0664 -7.43322 1.18603
rclavicle -8.15017e-015 1.59028e-014
rhumerus -29.0662 -8.83989 -79.0106
rradius 47.5982
rwrist -162.568
rhand -24.8492 -8.65279
rfingers 7.12502
rthumb 1.65716 -38.6261
lclavicle -8.15017e-015 1.59028e-014
lhumerus -37.0349 -17.2031 93.7372
lradius 39.107
lwrist 11.784
lhand -8.32993 26.6525
lfingers 7.12502
lthumb 17.5914 55.8767
rfemur -10.1959 -6.71981 15.0816
rtibia 10.3491
rfoot -10.7014 -2.79644
rtoes -18.1458
lfemur -12.2825 10.1196 -20.2907
ltibia 18.6819
lfoot -16.1859 -1.60425
ltoes -25.0997
56
root 1.56133 18.4641 -0.254596 206.886 93.4173 196.426
lowerback -5.9429 -1.94269 -0.162964
upperback -1.19378 -2.587 1.37047
thorax 2.17037 -1.28422 1.30049
lowerneck -11.6009 -12.6063 -7.57599
upperneck 35.3819 -18.4798 7.36204
head 16.0072 -7.49859 1.23053
rclavicle -2.24627e-014 -3.97569e-015
rhumerus -28.898 -8.68447 -78.884
rradius 48.1339
rwrist -163.035
rhand -25.1093 -8.61734
rfingers 7.12502
rthumb 1.40601 -38.5925
lclavicle -2.24627e-014 -3.97569e-015
lhumerus -37.1778 -17.3616 93.6398
lradius 39.7251
lwrist 12.0289
lhand -8.51463 26.4152
lfingers 7.12502
lthumb 17.4136 55.6552
rfemur -10.528 -6.76757 14.9506
rtibia 10.7775
rfoot -10.6923 -2.67019
rtoes -18.2746
lfemur -12.3945 10.08 -20.4504
ltibia 18.7693
lfoot -16.1686 -1.5261
ltoes -24.8536
57
root 1.54125 18.4647 -0.259919 209.266 93.5649 198.805
lowerback -5.55163 -1.96291 -0.246694
upperback -1.08352 -2.6115 1.36145
thorax 2.06942 -1.29877 1.34761
lowerneck -11.4174 -12.6636 -7.57573
upperneck 35.2613 -18.5989 7.48591
head 15.9355 -7.54607 1.26978
rclavicle -1.69464e-014 3.97569e-015
rhumerus -28.7799 -8.3052 -78.7571
rradius 48.7248
rwrist -163.666
rhand -25.2559 -8.42763
rfingers 7.12502
rthumb 1.26438 -38.4036
lclavicle -1.69464e-014 3.97569e-015
lhumerus -37.3874 -17.4635 93.5479
lradius 40.4038
lwrist 12.2302
lhand -8.29797 26.4903
lfingers 7.12502
lthumb 17.6221 55.7117
rfemur -10.8494 -6.77422 14.737
rtibia 11.2187
rfoot -10.7738 -2.60371
rtoes -18.2314
lfemur -12.5327 10.2245 -20.7056
ltibia 18.8608
lfoot -16.1209 -1.5535
ltoes -25.0032
58
root 1.52217 18.4638 -0.265034 209.891 93.7339 199.429
lowerback -5.19552 -1.98392 -0.274117
upperback -0.931508 -2.64234 1.41172
thorax 2.03136 -1.31644 1.42181
lowerneck -11.3245 -12.6994 -7.67544
upperneck 35.1681 -18.6844 7.66922
head 15.9179 -7.57933 1.34834
rclavicle -2.83268e-015 1.78906e-014
rhumerus -28.542 -7.74209 -78.6254
rradius 49.271
rwrist -164.354
rhand -25.1706 -8.22864
rfingers 7.12502
rthumb 1.34681 -38.2041
lclavicle -2.83268e-015 1.78906e-014
lhumerus -37.4512 -17.4444 93.4351
lradius 40.9677
lwrist 12.3468
lhand -7.85903 26.7767
lfingers 7.12502
lthumb 18.0445 55.9596
rfemur -11.2098 -6.79708 14.6238
rtibia 11.7023
rfoot -10.8738 -2.43444
rtoes -18.2168
lfemur -12.6636 10.364 -20.8662
ltibia 18.9547
lfoot -16.0972 -1.55414
ltoes -25.1866
59
root 1.50116 18.4636 -0.273031 210.604 93.8928 200.106
lowerback -4.8639 -1.98096 -0.224631
upperback -0.749805 -2.64504 1.43253
thorax 2.03168 -1.31963 1.42337
lowerneck -11.3105 -12.7785 -7.87975
upperneck 35.0414 -18.8515 7.97381
head 15.9448 -7.64248 1.46907
rclavicle -2.78299e-015 -1.35174e-014
rhumerus -28.2479 -7.50268 -78.4285
rradius 49.7441
rwrist -164.816
rhand -25.1413 -8.40077
rfingers 7.12502
rthumb 1.37513 -38.3761
lclavicle -2.78299e-015 -1.35174e-014
lhumerus -37.3789 -17.4408 93.2715
lradius 41.4136
lwrist 12.367
lhand -7.64547 26.9103
lfingers 7.12502
lthumb 18.2499 56.0741
rfemur -11.6215 -6.82851 14.4971
rtibia 12.1809
rfoot -10.9621 -2.27062
rtoes -18.3843
lfemur -12.8162 10.2608 -21.0275
ltibia 19.0491
lfoot -15.9622 -1.43653
ltoes -24.5797
60
root 1.47855 18.4615 -0.282103 211.06 94.081 200.469
lowerback -4.57393 -1.97013 -0.122884
upperback -0.561157 -2.63895 1.43156
thorax 2.0586 -1.31777 1.37232
lowerneck -11.3048 -12.8112 -7.93667
upperneck 34.8702 -18.9529 8.20622
head 15.9133 -7.67251 1.55114
rclavicle -1.93815e-014 0
rhumerus -27.9099 -7.1483 -78.3707
rradius 50.3571
rwrist -165.515
rhand -25.5582 -7.73053
rfingers 7.12502
rthumb 0.972422 -37.7081
lclavicle -1.93815e-014 0
lhumerus -37.3014 -17.5543 93.0826
lradius 41.9248
lwrist 12.6647
lhand -7.66447 26.8886
lfingers 7.12502
lthumb 18.2317 56.0542
rfemur -12.0783 -6.82936 14.3694
rtibia 12.6048
rfoot -11.0371 -2.09326
rtoes -18.3001
lfemur -13.031 10.0617 -21.2038
ltibia 19.1499
lfoot -15.854 -1.08699
ltoes -24.3127
61
root 1.45812 18.4606 -0.288703 211.839 94.309 201.132
lowerback -4.28318 -1.96857 -0.0970566
upperback -0.394248 -2.64039 1.43078
thorax 2.06624 -1.31987 1.36394
lowerneck -11.27 -12.8031 -7.93162
upperneck 34.7182 -18.9815 8.36556
head 15.8565 -7.67448 1.61128
rclavicle -2.56432e-014 6.36111e-015
rhumerus -27.6366 -6.78932 -78.2773
rradius 50.9568
rwrist -166.086
rhand -25.8368 -7.26075
rfingers 7.12502
rthumb 0.703395 -37.2393
lclavicle -2.56432e-014 6.36111e-015
lhumerus -37.3605 -17.5621 92.8996
lradius 42.5958
lwrist 12.9268
lhand -7.75958 26.9942
lfingers 7.12502
lthumb 18.1402 56.1683
rfemur -12.5342 -6.70988 14.1961
rtibia 12.9898
rfoot -11.0705 -2.00131
rtoes -18.2118
lfemur -13.2825 10.1053 -21.4288
ltibia 19.245
lfoot -15.8235 -0.979682
ltoes -24.4004
62
root 1.43762 18.4606 -0.294522 212.764 94.4515 201.955
lowerback -3.9679 -1.97292 -0.0481933
upperback -0.241339 -2.64983 1.43627
thorax 2.04509 -1.32544 1.34989
lowerneck -11.1722 -12.8404 -7.99217
upperneck 34.5637 -19.0729 8.55526
head 15.8055 -7.70926 1.6846
rclavicle -2.38542e-014 -9.93923e-015
rhumerus -27.4696 -6.51043 -78.1175
rradius 51.53
rwrist -166.69
rhand -25.6763 -7.00464
rfingers 7.12502
rthumb 0.858399 -36.9827
lclavicle -2.38542e-014 -9.93923e-015
lhumerus -37.473 -17.6248 92.7516
lradius 43.3067
lwrist 13.1845
lhand -7.71109 27.1344
lfingers 7.12502
lthumb 18.1868 56.3042
rfemur -12.9139 -6.59199 14.0541
rtibia 13.296
rfoot -11.0982 -2.00326
rtoes -17.9923
lfemur -13.5411 10.2771 -21.6243
ltibia 19.3516
lfoot -15.7762 -1.12491
ltoes -24.1799
63
root 1.4183 18.4625 -0.302707 214.122 94.6026 203.223
lowerback -3.66502 -1.99132 -0.0189059
upperback -0.0838627 -2.67676 1.44243
thorax 2.03681 -1.33979 1.34604
lowerneck -10.9312 -12.868 -8.07947
upperneck 34.2823 -19.1471 8.78665
head 15.6664 -7.74917 1.79111
rclavicle 1.32192e-014 -2.06736e-014
rhumerus -27.3562 -6.21155 -77.9151
rradius 52.1281
rwrist -167.351
rhand -25.3663 -6.98149
rfingers 7.12502
rthumb 1.15775 -36.9581
lclavicle 1.32192e-014 -2.06736e-014
lhumerus -37.5262 -17.5881 92.5747
lradius 43.8878
lwrist 13.3681
lhand -7.63846 27.1667
lfingers 7.12502
lthumb 18.2567 56.33
rfemur -13.238 -6.65417 13.8756
rtibia 13.5441
rfoot -11.0696 -1.8367
rtoes -17.9992
lfemur -13.7672 10.451 -21.8739
ltibia 19.4389
lfoot -15.7408 -1.21139
ltoes -24.327
64
root 1.39752 18.4644 -0.311238 213.798 94.7913 202.757
lowerback -3.37935 -1.94865 0.126335
upperback 0.0661554 -2.62622 1.46583
thorax 2.02409 -1.31394 1.29887
lowerneck -10.7683 -12.9051 -8.10187
upperneck 34.0496 -19.2309 8.95575
head 15.5537 -7.7869 1.8552
rclavicle -1.33186e-014 0
rhumerus -27.2219 -6.05035 -77.6613
rradius 52.7088
rwrist -167.671
rhand -25.2817 -7.46925
rfingers 7.12502
rthumb 1.23952 -37.4454
lclavicle -1.33186e-014 0
lhumerus -37.5363 -17.6369 92.4084
lradius 44.4282
lwrist 13.5734
lhand -7.69772 27.2559
lfingers 7.12502
lthumb 18.1997 56.4245
rfemur -13.6058 -6.59837 13.8164
rtibia 13.7196
rfoot -11.0407 -1.72839
rtoes -18.074
lfemur -14.0551 10.6089 -22.023
ltibia 19.5283
lfoot -15.7229 -1.13593
ltoes -24.6527
65
root 1.37587 18.4654 -0.318778 214.03 95.0551 202.813
lowerback -3.07468 -1.88511 0.194154
upperback 0.195935 -2.54318 1.46095
thorax 1.98143 -1.27236 1.26837
lowerneck -10.6508 -12.9651 -8.10832
upperneck 33.8601 -19.3489 9.1041
head 15.4725 -7.83514 1.89843
rclavicle 5.70512e-014 -1.59028e-015
rhumerus -27.0353 -5.84104 -77.405
rradius 53.2436
rwrist -167.965
rhand -25.3013 -8.34088
rfingers 7.12502
rthumb 1.22058 -38.3171
lclavicle 5.70512e-014 -1.59028e-015
lhumerus -37.5648 -17.743 92.2302
lradius 45.0236
lwrist 13.8186
lhand -7.65658 27.5015
lfingers 7.12502
lthumb 18.2392 56.6663
rfemur -14.0219 -6.55061 13.6839
rtibia 13.8549
rfoot -10.9484 -1.65116
rtoes -18.0376
lfemur -14.396 10.8311 -22.2604
ltibia 19.6321
lfoot -15.6688 -1.11557
ltoes -24.744
66
root 1.3549 18.4658 -0.325933 214.014 95.2548 202.598
lowerback -2.81698 -1.85776 0.325258
upperback 0.339687 -2.5109 1.48578
thorax 1.97926 -1.25531 1.22823
lowerneck -10.546 -12.9969 -8.16274
upperneck 33.6711 -19.4162 9.26221
head 15.3968 -7.86686 1.96179
rclavicle -5.96354e-015 -2.3059e-014
rhumerus -26.9017 -5.51706 -77.1338
rradius 53.8792
rwrist -168.525
rhand -25.1396 -8.48311
rfingers 7.12502
rthumb 1.3767 -38.4584
lclavicle -5.96354e-015 -2.3059e-014
lhumerus -37.6052 -17.6732 92.0326
lradius 45.6876
lwrist 14.0042
lhand -7.64301 28.0265
lfingers 7.12502
lthumb 18.2523 57.1901
rfemur -14.4388 -6.453 13.599
rtibia 13.9647
rfoot -10.8213 -1.60939
rtoes -17.8033
lfemur -14.7766 10.9634 -22.4224
ltibia 19.7599
lfoot -15.6114 -1.16248
ltoes -24.3652
67
root 1.33295 18.4671 -0.333086 213.523 95.4261 201.886
lowerback -2.58123 -1.8402 0.505505
upperback 0.505825 -2.49307 1.52193
thorax 2.01114 -1.24463 1.17028
lowerneck -10.474 -13.0091 -8.16803
upperneck 33.424 -19.468 9.44303
head 15.2957 -7.88595 2.02714
rclavicle -3.50855e-014 1.03368e-014
rhumerus -26.756 -5.27156 -76.8866
rradius 54.5559
rwrist -169.069
rhand -25.0921 -8.09148
rfingers 7.12502
rthumb 1.42258 -38.0665
lclavicle -3.50855e-014 1.03368e-014
lhumerus -37.6322 -17.5825 91.7944
lradius 46.3659
lwrist 14.1081
lhand -7.64845 28.5528
lfingers 7.12502
lthumb 18.2471 57.7169
rfemur -14.8793 -6.29761 13.5751
rtibia 14.0994
rfoot -10.7375 -1.5955
rtoes -17.7908
lfemur -15.1752 11.1845 -22.5411
ltibia 19.8552
lfoot -15.6197 -1.22723
ltoes -24.5446
68
root 1.30805 18.4683 -0.34244 213.196 95.5447 201.396
lowerback -2.20279 -1.84287 0.718176
upperback 0.655699 -2.49929 1.55825
thorax 1.94527 -1.24528 1.09863
lowerneck -10.3507 -13.0209 -8.13544
upperneck 33.116 -19.5224 9.62606
head 15.1503 -7.90771 2.0899
rclavicle -1.86858e-014 -2.46493e-014
rhumerus -26.599 -4.96449 -76.6684
rradius 55.1871
rwrist -169.459
rhand -24.8286 -8.39076
rfingers 7.12502
rthumb 1.67712 -38.3639
lclavicle -1.86858e-014 -2.46493e-014
lhumerus -37.6487 -17.4844 91.5677
lradius 46.9262
lwrist 14.2817
lhand -7.70774 28.5007
lfingers 7.12502
lthumb 18.19 57.6701
rfemur -15.2666 -6.32034 13.5775
rtibia 14.2575
rfoot -10.6325 -1.46399
rtoes -17.9766
lfemur -15.4901 11.3904 -22.6501
ltibia 19.9153
lfoot -15.6062 -1.27816
ltoes -24.7599
69
root 1.28496 18.4699 -0.350788 214.608 95.6964 202.58
lowerback -1.92512 -1.87257 0.75216
upperback 0.777753 -2.53672 1.57248
thorax 1.91445 -1.26359 1.10014
lowerneck -10.3033 -13.0183 -8.10255
upperneck 32.9852 -19.5302 9.69465
head 15.0843 -7.9098 2.11258
rclavicle -3.81667e-014 -4.77083e-015
rhumerus -26.4193 -4.69014 -76.4466
rradius 55.7576
rwrist -169.854
rhand -24.5573 -8.71044
rfingers 7.12502
rthumb 1.93912 -38.6814
lclavicle -3.81667e-014 -4.77083e-015
lhumerus -37.706 -17.396 91.37
lradius 47.5298
lwrist 14.4996
lhand -7.60804 28.5462
lfingers 7.12502
lthumb 18.2859 57.7067
rfemur -15.7273 -6.40986 13.4067
rtibia 14.427
rfoot -10.5309 -1.38278
rtoes -18.1315
lfemur -15.8822 11.515 -22.9463
ltibia 19.9664
lfoot -15.4935 -1.40877
ltoes -24.4722
70
root 1.26317 18.4692 -0.359266 216.014 95.9013 203.785
lowerback -1.62488 -1.87644 0.760789
upperback 0.927609 -2.5386 1.57767
thorax 1.89962 -1.26429 1.10823
lowerneck -10.5018 -13.0555 -8.00373
upperneck 33.0887 -19.5779 9.60146
head 15.1575 -7.91573 2.03774
rclavicle -9.93923e-015 2.3059e-014
rhumerus -26.1987 -4.51551 -76.1823
rradius 56.2591
rwrist -170.131
rhand -24.4704 -8.97182
rfingers 7.12502
rthumb 2.02305 -38.942
lclavicle -9.93923e-015 2.3059e-014
lhumerus -37.8001 -17.2982 91.2005
lradius 48.2322
lwrist 14.8147
lhand -7.78379 28.3702
lfingers 7.12502
lthumb 18.1169 57.5465
rfemur -16.1266 -6.45548 13.1798
rtibia 14.5556
rfoot -10.4629 -1.26484
rtoes -17.8752
lfemur -16.2454 11.7169 -23.2826
ltibia 20.0294
lfoot -15.394 -1.57682
ltoes -24.1184
71
root 1.24035 18.4675 -0.366144 216.723 96.1183 204.259
lowerback -1.34478 -1.86531 0.823353
upperback 1.07162 -2.52137 1.57546
thorax 1.88714 -1.25452 1.07863
lowerneck -10.5531 -13.0991 -7.88921
upperneck 33.0003 -19.6545 9.60276
head 15.1216 -7.93907 2.00091
rclavicle -3.37934e-015 -2.06736e-014
rhumerus -25.9871 -4.2999 -75.9733
rradius 56.7751
rwrist -170.501
rhand -24.4564 -9.06088
rfingers 7.12502
rthumb 2.03653 -39.0309
lclavicle -3.37934e-015 -2.06736e-014
lhumerus -37.9728 -17.2751 91.0651
lradius 49.0013
lwrist 15.4539
lhand -8.49269 27.6677
lfingers 7.12502
lthumb 17.4347 56.9058
rfemur -16.5717 -6.4119 13.0194
rtibia 14.663
rfoot -10.3878 -1.15586
rtoes -17.3478
lfemur -16.6469 11.9353 -23.5674
ltibia 20.0747
lfoot -15.3136 -1.63678
ltoes -24.1172
72
root 1.21633 18.4694 -0.373316 216.42 96.3081 203.696
lowerback -1.07847 -1.84535 1.00759
upperback 1.21635 -2.49433 1.60688
thorax 1.87939 -1.23793 1.01529
lowerneck -10.4615 -13.1241 -7.8942
upperneck 32.7404 -19.718 9.77303
head 15.0122 -7.96694 2.0601
rclavicle -3.83654e-014 -1.82882e-014
rhumerus -25.8343 -4.08033 -75.7566
rradius 57.3611
rwrist -170.96
rhand -24.5609 -8.89666
rfingers 7.12502
rthumb 1.93569 -38.8676
lclavicle -3.83654e-014 -1.82882e-014
lhumerus -38.014 -17.2108 90.8881
lradius 49.5592
lwrist 15.859
lhand -8.70837 27.1927
lfingers 7.12502
lthumb 17.2271 56.4491
rfemur -17.0768 -6.31117 12.9871
rtibia 14.7848
rfoot -10.3328 -1.0576
rtoes -17.3029
lfemur -17.0672 12.1093 -23.7336
ltibia 20.1127
lfoot -15.2133 -1.63546
ltoes -23.9771
73
root 1.1935 18.4723 -0.379647 216.131 96.4563 203.15
lowerback -0.823284 -1.8089 1.23047
upperback 1.37598 -2.44512 1.63227
thorax 1.89127 -1.20922 0.923969
lowerneck -10.3974 -13.1618 -7.86269
upperneck 32.4546 -19.803 9.9389
head 14.8949 -8.00061 2.10539
rclavicle -7.7526e-015 -3.02153e-014
rhumerus -25.7256 -3.97247 -75.5185
rradius 58.0017
rwrist -171.32
rhand -24.5613 -8.80923
rfingers 7.12502
rthumb 1.93522 -38.7802
lclavicle -7.7526e-015 -3.02153e-014
lhumerus -38.0103 -17.2314 90.6954
lradius 50.0344
lwrist 16.1014
lhand -8.6909 27.169
lfingers 7.12502
lthumb 17.244 56.4239
rfemur -17.5691 -6.27781 12.9935
rtibia 14.9282
rfoot -10.2447 -0.973148
rtoes -17.6944
lfemur -17.4949 12.2533 -23.8616
ltibia 20.1953
lfoot -15.0754 -1.67955
ltoes -23.5686
74
root 1.17198 18.4719 -0.388819 217.1 96.6674 203.882
lowerback -0.559983 -1.8015 1.30158
upperback 1.54257 -2.43113 1.61872
thorax 1.91083 -1.19998 0.876611
lowerneck -10.3607 -13.1798 -7.83973
upperneck 32.188 -19.8785 10.1651
head 14.8032 -8.02107 2.17595
rclavicle -1.59028e-014 3.02153e-014
rhumerus -25.5717 -3.82737 -75.2996
rradius 58.6044
rwrist -171.577
rhand -24.601 -8.76146
rfingers 7.12502
rthumb 1.8969 -38.7328
lclavicle -1.59028e-014 3.02153e-014
lhumerus -38.065 -17.0948 90.458
lradius 50.6107
lwrist 16.2423
lhand -8.80846 27.0705
lfingers 7.12502
lthumb 17.1308 56.3353
rfemur -18.0525 -6.27533 12.7957
rtibia 15.1267
rfoot -10.1381 -0.901282
rtoes -17.1842
lfemur -17.8806 12.3287 -24.1671
ltibia 20.2751
lfoot -15.0394 -1.65424
ltoes -23.5678
75
root 1.14999 18.4696 -0.397623 217.445 96.89 203.957
lowerback -0.285159 -1.78043 1.40706
upperback 1.66804 -2.39793 1.62049
thorax 1.88092 -1.18084 0.827253
lowerneck -10.2518 -13.1847 -7.76917
upperneck 31.9175 -19.9228 10.3322
head 14.675 -8.03422 2.22727
rclavicle 2.22639e-014 5.40694e-014
rhumerus -25.4698 -3.71261 -75.0999
rradius 59.1878
rwrist -171.871
rhand -24.8989 -8.64177
rfingers 7.12502
rthumb 1.60921 -38.6154
lclavicle 2.22639e-014 5.40694e-014
lhumerus -38.2308 -16.9222 90.2179
lradius 51.2173
lwrist 16.3197
lhand -8.87928 26.6806
lfingers 7.12502
lthumb 17.0626 55.9513
rfemur -18.6191 -6.26101 12.674
rtibia 15.3765
rfoot -10.0333 -0.811413
rtoes -17.2987
lfemur -18.2972 12.3886 -24.4106
ltibia 20.3399
lfoot -15.0372 -1.58995
ltoes -23.4138
76
root 1.12507 18.4682 -0.402552 217.836 97.1301 204.013
lowerback -0.0598235 -1.76336 1.47378
upperback 1.78529 -2.37055 1.64767
thorax 1.87318 -1.16521 0.823786
lowerneck -10.1957 -13.1731 -7.75364
upperneck 31.6454 -19.9195 10.4665
head 14.5547 -8.0362 2.27876
rclavicle 4.77083e-015 5.56597e-015
rhumerus -25.356 -3.54095 -74.8538
rradius 59.7794
rwrist -172.155
rhand -25.0874 -8.57049
rfingers 7.12502
rthumb 1.42714 -38.5455
lclavicle 4.77083e-015 5.56597e-015
lhumerus -38.4129 -16.757 90.0248
lradius 51.7844
lwrist 16.503
lhand -9.09835 26.3677
lfingers 7.12502
lthumb 16.8518 55.6565
rfemur -19.2989 -6.13558 12.5466
rtibia 15.6825
rfoot -10.0518 -0.78685
rtoes -17.7961
lfemur -18.8224 12.5008 -24.6856
ltibia 20.404
lfoot -14.9319 -1.51591
ltoes -23.4335
77
root 1.09943 18.4686 -0.406801 217.906 97.2628 203.714
lowerback 0.16242 -1.74899 1.63838
upperback 1.88734 -2.34693 1.72291
thorax 1.84982 -1.15 0.814946
lowerneck -10.1721 -13.1923 -7.85183
upperneck 31.3913 -19.9574 10.6553
head 14.4791 -8.05883 2.35749
rclavicle 4.96962e-015 1.19271e-014
rhumerus -25.2526 -3.43692 -74.5647
rradius 60.3864
rwrist -172.416
rhand -25.2006 -8.60584
rfingers 7.12502
rthumb 1.31786 -38.5815
lclavicle 4.96962e-015 1.19271e-014
lhumerus -38.5725 -16.6743 89.8666
lradius 52.3488
lwrist 16.7706
lhand -9.05624 26.4368
lfingers 7.12502
lthumb 16.8923 55.7222
rfemur -19.9847 -5.99027 12.5301
rtibia 15.9816
rfoot -10.1272 -0.858568
rtoes -17.8698
lfemur -19.3942 12.6466 -24.8537
ltibia 20.4781
lfoot -14.7315 -1.67747
ltoes -22.9819
78
root 1.07235 18.4666 -0.412379 219.191 97.5168 204.632
lowerback 0.439705 -1.73579 1.58502
upperback 1.95983 -2.32092 1.74991
thorax 1.77177 -1.13757 0.880537
lowerneck -10.1638 -13.2096 -7.83625
upperneck 31.1362 -19.9867 10.7554
head 14.3775 -8.07561 2.38532
rclavicle 5.96354e-015 1.35174e-014
rhumerus -25.165 -3.25208 -74.2905
rradius 60.9751
rwrist -172.713
rhand -25.1708 -8.55914
rfingers 7.12502
rthumb 1.34665 -38.5346
lclavicle 5.96354e-015 1.35174e-014
lhumerus -38.7 -16.5476 89.6809
lradius 52.9492
lwrist 16.918
lhand -8.75873 26.7319
lfingers 7.12502
lthumb 17.1787 55.9926
rfemur -20.6828 -5.98653 12.3089
rtibia 16.2526
rfoot -10.0917 -0.781932
rtoes -17.5898
lfemur -19.9561 12.8893 -25.2654
ltibia 20.5266
lfoot -14.6033 -1.91722
ltoes -22.213
79
root 1.05013 18.4656 -0.421563 220.948 97.7419 206.017
lowerback 0.602342 -1.7263 1.54945
upperback 2.07917 -2.30405 1.75083
thorax 1.80444 -1.12848 0.904725
lowerneck -10.1845 -13.2404 -7.75776
upperneck 30.8288 -20.0432 10.8563
head 14.2548 -8.0991 2.39611
rclavicle -1.66979e-014 -3.97569e-015
rhumerus -25.0468 -3.16918 -74.0134
rradius 61.6028
rwrist -172.946
rhand -25.202 -8.40287
rfingers 7.12502
rthumb 1.31651 -38.3786
lclavicle -1.66979e-014 -3.97569e-015
lhumerus -38.7286 -16.6958 89.6196
lradius 53.3589
lwrist 17.1655
lhand -8.71095 26.7938
lfingers 7.12502
lthumb 17.2247 56.0504
rfemur -21.3369 -6.08713 12.0206
rtibia 16.4746
rfoot -9.93649 -0.611075
rtoes -16.6361
lfemur -20.5231 13.0325 -25.7359
ltibia 20.5768
lfoot -14.5213 -2.06776
ltoes -22.0305
80
root 1.02897 18.466 -0.430044 222.743 97.9794 207.501
lowerback 0.778696 -1.73922 1.48659
upperback 2.25736 -2.3169 1.73819
thorax 1.89059 -1.13394 0.929411
lowerneck -10.2088 -13.2611 -7.70589
upperneck 30.4767 -20.0864 10.9945
head 14.1211 -8.11889 2.42686
rclavicle 2.98177e-014 -1.74931e-014
rhumerus -24.8385 -3.1241 -73.7668
rradius 62.1292
rwrist -173.196
rhand -25.0587 -8.61847
rfingers 7.12502
rthumb 1.45485 -38.5933
lclavicle 2.98177e-014 -1.74931e-014
lhumerus -38.6924 -16.8144 89.5497
lradius 53.6753
lwrist 17.4445
lhand -8.86221 26.6082
lfingers 7.12502
lthumb 17.0791 55.8775
rfemur -21.9229 -6.19064 11.7107
rtibia 16.6967
rfoot -9.79968 -0.471588
rtoes -16.2441
lfemur -21.0049 13.0455 -26.1872
ltibia 20.6317
lfoot -14.4376 -2.12593
ltoes -21.6944
81
root 1.00445 18.4661 -0.43746 222.531 98.1827 207.01
lowerback 1.11198 -1.68804 1.68218
upperback 2.4047 -2.23862 1.76324
thorax 1.84819 -1.08961 0.85468
lowerneck -10.1467 -13.2728 -7.69207
upperneck 30.0569 -20.1253 11.2127
head 13.9564 -8.13945 2.50004
rclavicle -1.19271e-015 2.94201e-014
rhumerus -24.7574 -3.12084 -73.5009
rradius 62.65
rwrist -173.45
rhand -24.7964 -8.89355
rfingers 7.12502
rthumb 1.7082 -38.8665
lclavicle -1.19271e-015 2.94201e-014
lhumerus -38.821 -16.9443 89.4453
lradius 54.1865
lwrist 17.7165
lhand -8.99532 26.651
lfingers 7.12502
lthumb 16.9509 55.9313
rfemur -22.4756 -6.14059 11.6616
rtibia 16.8859
rfoot -9.81401 -0.357098
rtoes -16.4965
lfemur -21.4452 13.1667 -26.3724
ltibia 20.7016
lfoot -14.4609 -2.10097
ltoes -21.8599
82
root 0.980018 18.4654 -0.445365 222.379 98.3745 206.578
lowerback 1.4792 -1.64324 1.88392
upperback 2.52795 -2.16582 1.81112
thorax 1.76326 -1.04821 0.800804
lowerneck -10.0841 -13.2843 -7.71137
upperneck 29.6341 -20.1509 11.4155
head 13.7922 -8.16023 2.57416
rclavicle 5.32743e-014 -1.27222e-014
rhumerus -24.7144 -3.11313 -73.2063
rradius 63.2337
rwrist -173.64
rhand -24.8613 -8.84837
rfingers 7.12502
rthumb 1.64554 -38.8218
lclavicle 5.32743e-014 -1.27222e-014
lhumerus -39.0051 -17.0017 89.362
lradius 54.7444
lwrist 17.9864
lhand -9.10553 26.8075
lfingers 7.12502
lthumb 16.8448 56.0969
rfemur -23.0306 -6.18479 11.6357
rtibia 17.0778
rfoot -9.7124 -0.22999
rtoes -16.486
lfemur -21.9109 13.3823 -26.5878
ltibia 20.7869
lfoot -14.4727 -2.16964
ltoes -22.0784
83
root 0.95456 18.4632 -0.449005 222.752 98.4964 206.679
lowerback 1.84914 -1.64527 1.97204
upperback 2.64161 -2.15434 1.90357
thorax 1.67323 -1.03983 0.855915
lowerneck -10.0648 -13.3053 -7.76478
upperneck 29.2902 -20.1737 11.5607
head 13.6687 -8.18349 2.62917
rclavicle -3.1408e-014 4.37326e-014
rhumerus -24.667 -3.01403 -72.9206
rradius 63.8512
rwrist -173.897
rhand -25.1083 -8.32059
rfingers 7.12502
rthumb 1.40695 -38.2957
lclavicle -3.1408e-014 4.37326e-014
lhumerus -39.1571 -17.0253 89.3189
lradius 55.1899
lwrist 18.0316
lhand -8.98157 26.98
lfingers 7.12502
lthumb 16.9642 56.2592
rfemur -23.5615 -6.11895 11.5657
rtibia 17.2847
rfoot -9.50921 -0.282222
rtoes -15.6955
lfemur -22.3871 13.539 -26.8003
ltibia 20.889
lfoot -14.3824 -2.33829
ltoes -21.8004
84
root 0.926559 18.4604 -0.452809 223.855 98.6026 207.475
lowerback 2.16486 -1.6682 2.02228
upperback 2.77301 -2.17239 1.94946
thorax 1.63152 -1.04618 0.8827
lowerneck -10.0963 -13.3365 -7.78819
upperneck 28.9507 -20.2444 11.7933
head 13.5747 -8.21077 2.70019
rclavicle 2.62396e-014 -1.66979e-014
rhumerus -24.5552 -2.98599 -72.661
rradius 64.4128
rwrist -174.245
rhand -25.2763 -7.54933
rfingers 7.12502
rthumb 1.24468 -37.5254
lclavicle 2.62396e-014 -1.66979e-014
lhumerus -39.2452 -17.0496 89.2162
lradius 55.5782
lwrist 17.8186
lhand -8.75943 26.9619
lfingers 7.12502
lthumb 17.178 56.2226
rfemur -24.159 -6.10253 11.4154
rtibia 17.5321
rfoot -9.48786 -0.345977
rtoes -15.711
lfemur -22.9088 13.5375 -27.0692
ltibia 20.9992
lfoot -14.328 -2.52325
ltoes -21.2994
85
root 0.902255 18.4575 -0.45875 224.826 98.7542 208.096
lowerback 2.43626 -1.65586 2.12706
upperback 2.86136 -2.14372 1.95878
thorax 1.56703 -1.02858 0.840489
lowerneck -10.0586 -13.3798 -7.81076
upperneck 28.615 -20.3263 12.0098
head 13.4677 -8.24779 2.7674
rclavicle 4.92986e-014 -2.78299e-014
rhumerus -24.5713 -3.00714 -72.3806
rradius 64.9938
rwrist -174.553
rhand -25.4469 -7.24288
rfingers 7.12502
rthumb 1.07996 -37.2199
lclavicle 4.92986e-014 -2.78299e-014
lhumerus -39.4817 -17.1798 89.115
lradius 56.1143
lwrist 17.7227
lhand -8.6869 27.1576
lfingers 7.12502
lthumb 17.2478 56.4121
rfemur -24.8171 -6.12618 11.2604
rtibia 17.803
rfoot -9.66213 -0.340431
rtoes -16.5303
lfemur -23.4817 13.6199 -27.4026
ltibia 21.1205
lfoot -14.3269 -2.60555
ltoes -21.6577
86
root 0.877486 18.4535 -0.463779 225.297 98.8863 208.22
lowerback 2.74161 -1.6496 2.26126
upperback 2.94368 -2.12021 2.00804
thorax 1.47803 -1.01328 0.823857
lowerneck -10.0573 -13.3927 -7.79582
upperneck 28.2937 -20.3518 12.1578
head 13.353 -8.26251 2.81152
rclavicle -3.26007e-014 2.38542e-014
rhumerus -24.5786 -3.03475 -72.1276
rradius 65.6398
rwrist -174.722
rhand -25.6011 -7.12172
rfingers 7.12502
rthumb 0.930982 -37.0994
lclavicle -3.26007e-014 2.38542e-014
lhumerus -39.6664 -17.2047 88.9856
lradius 56.5918
lwrist 17.4563
lhand -8.12187 27.4808
lfingers 7.12502
lthumb 17.7916 56.6869
rfemur -25.4772 -6.17248 11.1978
rtibia 18.0986
rfoot -9.76076 -0.27183
rtoes -16.699
lfemur -24.0573 13.7318 -27.6669
ltibia 21.2442
lfoot -14.2822 -2.63609
ltoes -22.3289
87
root 0.853038 18.4501 -0.469426 225.896 99.0927 208.48
lowerback 3.04903 -1.63382 2.32759
upperback 3.02297 -2.0844 2.0447
thorax 1.38685 -0.993162 0.831905
lowerneck -10.0563 -13.379 -7.74887
upperneck 27.9688 -20.3311 12.2652
head 13.2217 -8.25912 2.8445
rclavicle -3.57812e-015 3.18055e-014
rhumerus -24.5594 -3.08377 -71.8975
rradius 66.2511
rwrist -174.928
rhand -25.7176 -7.27069
rfingers 7.12502
rthumb 0.818465 -37.2489
lclavicle -3.57812e-015 3.18055e-014
lhumerus -39.8182 -17.3044 88.9143
lradius 56.9937
lwrist 17.1899
lhand -7.59647 27.8669
lfingers 7.12502
lthumb 18.2971 57.0263
rfemur -26.1553 -6.19944 11.0658
rtibia 18.403
rfoot -9.71745 -0.178327
rtoes -16.8525
lfemur -24.6189 13.8537 -28.0051
ltibia 21.3628
lfoot -14.1874 -2.69159
ltoes -22.4647
88
root 0.830444 18.4457 -0.476237 226.645 99.3638 208.894
lowerback 3.31425 -1.58378 2.39903
upperback 3.12041 -2.00482 2.02629
thorax 1.336 -0.950354 0.77788
lowerneck -10.0462 -13.4087 -7.77236
upperneck 27.6078 -20.3824 12.4635
head 13.1059 -8.28627 2.90778
rclavicle -5.28767e-014 -3.18055e-015
rhumerus -24.5429 -3.1921 -71.6848
rradius 66.7933
rwrist -175.098
rhand -25.6679 -7.91241
rfingers 7.12502
rthumb 0.866469 -37.8904
lclavicle -5.28767e-014 -3.18055e-015
lhumerus -40.0112 -17.5236 88.8587
lradius 57.4071
lwrist 17.0862
lhand -7.45642 28.0208
lfingers 7.12502
lthumb 18.4318 57.1676
rfemur -26.8315 -6.16612 10.8385
rtibia 18.7042
rfoot -9.69897 -0.10526
rtoes -16.7542
lfemur -25.1821 13.9262 -28.3972
ltibia 21.5089
lfoot -14.1357 -2.68444
ltoes -22.3699
89
root 0.807961 18.4401 -0.481072 227.516 99.5754 209.426
lowerback 3.55918 -1.55277 2.46403
upperback 3.23182 -1.95116 2.01791
thorax 1.31166 -0.920192 0.737159
lowerneck -10.0089 -13.4308 -7.77616
upperneck 27.1566 -20.4364 12.7353
head 12.9567 -8.31175 2.99554
rclavicle -1.59028e-015 -3.65764e-014
rhumerus -24.4497 -3.2437 -71.4844
rradius 67.2331
rwrist -175.257
rhand -25.5138 -8.37017
rfingers 7.12502
rthumb 1.01531 -38.3475
lclavicle -1.59028e-015 -3.65764e-014
lhumerus -40.1706 -17.8367 88.8694
lradius 57.8141
lwrist 17.2996
lhand -7.70482 28.0865
lfingers 7.12502
lthumb 18.1928 57.2557
rfemur -27.5206 -6.23856 10.6629
rtibia 19.0306
rfoot -9.66026 0.0236993
rtoes -16.9451
lfemur -25.7746 13.9946 -28.7663
ltibia 21.6649
lfoot -14.1049 -2.74754
ltoes -22.2183
90
root 0.781614 18.4338 -0.484965 228.715 99.6939 210.243
lowerback 3.81649 -1.56025 2.54412
upperback 3.33216 -1.94665 2.04693
thorax 1.26984 -0.914562 0.72798
lowerneck -10.0858 -13.4538 -7.77879
upperneck 26.7547 -20.4746 12.9298
head 12.8394 -8.331 3.04946
rclavicle -9.54166e-015 -4.29375e-014
rhumerus -24.2941 -3.33871 -71.2718
rradius 67.7059
rwrist -175.362
rhand -25.438 -8.39931
rfingers 7.12502
rthumb 1.0885 -38.3763
lclavicle -9.54166e-015 -4.29375e-014
lhumerus -40.2905 -18.1689 88.9655
lradius 58.2423
lwrist 17.6863
lhand -8.34218 27.9614
lfingers 7.12502
lthumb 17.5796 57.1866
rfemur -28.248 -6.30793 10.5026
rtibia 19.3819
rfoot -9.63686 0.0476978
rtoes -16.8431
lfemur -26.452 14.1164 -29.154
ltibia 21.8228
lfoot -13.9806 -2.96083
ltoes -22.3154
91
root 0.757244 18.4279 -0.49023 229.641 99.7913 210.778
lowerback 4.08529 -1.55395 2.70865
upperback 3.41016 -1.91995 2.0713
thorax 1.19609 -0.896629 0.666865
lowerneck -10.1649 -13.4982 -7.74214
upperneck 26.3734 -20.5404 13.0833
head 12.7252 -8.36203 3.07708
rclavicle 7.95139e-016 3.49861e-014
rhumerus -24.2383 -3.47107 -71.0567
rradius 68.2746
rwrist -175.456
rhand -25.5756 -8.1988
rfingers 7.12502
rthumb 0.955601 -38.1764
lclavicle 7.95139e-016 3.49861e-014
lhumerus -40.4386 -18.5083 89.0168
lradius 58.6354
lwrist 17.8467
lhand -8.70746 27.711
lfingers 7.12502
lthumb 17.228 56.9673
rfemur -28.991 -6.46558 10.4272
rtibia 19.7586
rfoot -9.64563 0.102119
rtoes -17.3836
lfemur -27.106 14.2363 -29.4937
ltibia 21.9883
lfoot -13.8719 -3.16489
ltoes -22.1613
92
root 0.733695 18.4219 -0.494862 230.517 100.026 211.274
lowerback 4.37128 -1.5193 2.71467
upperback 3.47262 -1.85918 2.09695
thorax 1.10212 -0.865336 0.694834
lowerneck -10.233 -13.5378 -7.75369
upperneck 26.0287 -20.6003 13.2601
head 12.6332 -8.39032 3.12262
rclavicle 1.19271e-014 6.36111e-015
rhumerus -24.1982 -3.628 -70.8338
rradius 68.7615
rwrist -175.458
rhand -25.6479 -8.20674
rfingers 7.12502
rthumb 0.885828 -38.1846
lclavicle 1.19271e-014 6.36111e-015
lhumerus -40.6151 -18.6532 89.027
lradius 58.9968
lwrist 17.6954
lhand -8.78467 27.8743
lfingers 7.12502
lthumb 17.1537 57.1371
rfemur -29.7383 -6.5013 10.219
rtibia 20.1376
rfoot -9.66094 0.14937
rtoes -17.39
lfemur -27.7603 14.3867 -29.9335
ltibia 22.1956
lfoot -13.8272 -3.30242
ltoes -21.9892
93
root 0.709753 18.4145 -0.498722 231.269 100.196 211.641
lowerback 4.64877 -1.52125 2.80131
upperback 3.51957 -1.84398 2.13188
thorax 0.994613 -0.855558 0.688666
lowerneck -10.2343 -13.5363 -7.75499
upperneck 25.6801 -20.5906 13.398
head 12.5103 -8.39558 3.17017
rclavicle -7.15625e-015 6.04305e-014
rhumerus -24.214 -3.62534 -70.6291
rradius 69.2693
rwrist -175.483
rhand -25.4949 -8.51834
rfingers 7.12502
rthumb 1.0336 -38.4956
lclavicle -7.15625e-015 6.04305e-014
lhumerus -40.8176 -18.6999 89.0003
lradius 59.3991
lwrist 17.4979
lhand -8.66237 28.1567
lfingers 7.12502
lthumb 17.2714 57.4093
rfemur -30.4958 -6.51805 10.0661
rtibia 20.5509
rfoot -9.70548 0.224151
rtoes -16.9961
lfemur -28.4347 14.5004 -30.2994
ltibia 22.3956
lfoot -13.7617 -3.44884
ltoes -21.595
94
root 0.686369 18.405 -0.503789 231.554 100.344 211.535
lowerback 4.90278 -1.51602 2.98034
upperback 3.57329 -1.81611 2.1736
thorax 0.90499 -0.837505 0.636626
lowerneck -10.1391 -13.5157 -7.74673
upperneck 25.2606 -20.5442 13.5313
head 12.3333 -8.39436 3.22729
rclavicle -6.20208e-014 4.13472e-014
rhumerus -24.2439 -3.56052 -70.4609
rradius 69.836
rwrist -175.523
rhand -25.312 -8.5056
rfingers 7.12502
rthumb 1.21028 -38.4819
lclavicle -6.20208e-014 4.13472e-014
lhumerus -40.9823 -18.8321 88.9293
lradius 59.7796
lwrist 17.2954
lhand -8.49898 28.1018
lfingers 7.12502
lthumb 17.4287 57.3404
rfemur -31.3002 -6.60869 10.0426
rtibia 20.9796
rfoot -9.73038 0.378268
rtoes -16.9931
lfemur -29.1237 14.6366 -30.5978
ltibia 22.6098
lfoot -13.761 -3.54685
ltoes -21.5902
95
root 0.662328 18.3942 -0.508386 232.656 100.598 212.328
lowerback 5.2485 -1.51631 2.93549
upperback 3.61989 -1.79913 2.20396
thorax 0.763154 -0.829499 0.700668
lowerneck -10.0039 -13.5026 -7.81749
upperneck 24.7747 -20.487 13.6698
head 12.1319 -8.40164 3.3012
rclavicle 1.19271e-014 1.27222e-014
rhumerus -24.2501 -3.50832 -70.2381
rradius 70.3597
rwrist -175.544
rhand -25.356 -8.37758
rfingers 7.12502
rthumb 1.1677 -38.3541
lclavicle 1.19271e-014 1.27222e-014
lhumerus -41.19 -18.8472 88.8953
lradius 60.1445
lwrist 16.834
lhand -8.11936 27.9809
lfingers 7.12502
lthumb 17.794 57.1868
rfemur -32.0087 -6.6911 9.78062
rtibia 21.3848
rfoot -9.73136 0.47255
rtoes -17.023
lfemur -29.7543 14.7193 -31.0795
ltibia 22.8905
lfoot -13.764 -3.66524
ltoes -21.0976
96
root 0.637186 18.3851 -0.510822 233.462 100.744 212.816
lowerback 5.61914 -1.52943 3.01266
upperback 3.65014 -1.79162 2.25009
thorax 0.587753 -0.824421 0.714127
lowerneck -9.90332 -13.4891 -7.88771
upperneck 24.3264 -20.443 13.8406
head 11.9607 -8.40631 3.38226
rclavicle 3.4191e-014 3.02153e-014
rhumerus -24.3047 -3.50354 -70.0507
rradius 70.9541
rwrist -175.539
rhand -25.5289 -8.22411
rfingers 7.12502
rthumb 1.00079 -38.2015
lclavicle 3.4191e-014 3.02153e-014
lhumerus -41.5133 -18.9522 88.8657
lradius 60.6091
lwrist 16.4194
lhand -7.73621 27.983
lfingers 7.12502
lthumb 18.1626 57.155
rfemur -32.6875 -6.68128 9.61029
rtibia 21.7782
rfoot -9.76327 0.460535
rtoes -16.7017
lfemur -30.4589 14.9019 -31.464
ltibia 23.2444
lfoot -13.7698 -3.90278
ltoes -20.9391
97
root 0.611146 18.3738 -0.517566 233.581 100.878 212.564
lowerback 5.91241 -1.49591 3.2637
upperback 3.71515 -1.71743 2.28716
thorax 0.487048 -0.781901 0.615045
lowerneck -9.92874 -13.4921 -7.89669
upperneck 23.9361 -20.4308 13.9785
head 11.8313 -8.41292 3.42854
rclavicle -2.22639e-014 9.54166e-015
rhumerus -24.2654 -3.56756 -69.889
rradius 71.4428
rwrist -175.554
rhand -25.5065 -8.16164
rfingers 7.12502
rthumb 1.02235 -38.1389
lclavicle -2.22639e-014 9.54166e-015
lhumerus -41.7321 -19.2331 88.9195
lradius 61.0727
lwrist 16.5661
lhand -7.98081 28.0616
lfingers 7.12502
lthumb 17.9273 57.2554
rfemur -33.4773 -6.73548 9.59295
rtibia 22.2125
rfoot -9.73222 0.588078
rtoes -16.7957
lfemur -31.225 15.0482 -31.7429
ltibia 23.6185
lfoot -13.7998 -4.02077
ltoes -20.7629
98
root 0.583506 18.3596 -0.525113 233.411 101.155 211.961
lowerback 6.19801 -1.39505 3.4448
upperback 3.7228 -1.55677 2.31773
thorax 0.335079 -0.699507 0.543112
lowerneck -9.83074 -13.5191 -8.0072
upperneck 23.5283 -20.4389 14.1443
head 11.69 -8.44159 3.50369
rclavicle 1.74931e-014 -9.54166e-015
rhumerus -24.294 -3.62987 -69.6997
rradius 71.9277
rwrist -175.507
rhand -25.3987 -7.91756
rfingers 7.12502
rthumb 1.12654 -37.8943
lclavicle 1.74931e-014 -9.54166e-015
lhumerus -41.9805 -19.4475 89.0184
lradius 61.5481
lwrist 16.5872
lhand -8.14361 28.0366
lfingers 7.12502
lthumb 17.7707 57.2446
rfemur -34.4216 -6.80512 9.55579
rtibia 22.6693
rfoot -9.50079 0.87507
rtoes -17.216
lfemur -32.0908 15.3595 -32.1495
ltibia 24.0198
lfoot -13.7816 -4.18187
ltoes -20.9509
99
root 0.559025 18.3464 -0.530039 233.827 101.443 212
lowerback 6.53844 -1.38875 3.46065
upperback 3.73096 -1.52558 2.36771
thorax 0.156301 -0.684677 0.591645
lowerneck -9.76177 -13.4888 -8.14295
upperneck 23.139 -20.3574 14.2801
head 11.5491 -8.43341 3.58641
rclavicle -3.57812e-014 0
rhumerus -24.2483 -3.4752 -69.5391
rradius 72.4334
rwrist -175.449
rhand -25.3561 -7.84575
rfingers 7.12502
rthumb 1.16765 -37.8223
lclavicle -3.57812e-014 0
lhumerus -42.2565 -19.3875 89.0126
lradius 62.0505
lwrist 16.24
lhand -8.08434 27.702
lfingers 7.12502
lthumb 17.8277 56.9048
rfemur -35.249 -6.87952 9.41384
rtibia 23.1379
rfoot -9.44596 1.01446
rtoes -17.9499
lfemur -32.8964 15.6333 -32.6385
ltibia 24.437
lfoot -13.7303 -4.42777
ltoes -20.6816
100
root 0.537627 18.3339 -0.534277 234.308 101.606 212.155
lowerback 6.80881 -1.44703 3.53451
upperback 3.8439 -1.58013 2.44304
thorax 0.122793 -0.707972 0.636717
lowerneck -9.85761 -13.4354 -8.27051
upperneck 22.7169 -20.2574 14.4801
head 11.4344 -8.40335 3.68245
rclavicle -2.78299e-014 2.38542e-014
rhumerus -23.9875 -3.3303 -69.4242
rradius 72.8888
rwrist -175.427
rhand -25.4058 -7.79111
rfingers 7.12502
rthumb 1.1196 -37.7679
lclavicle -2.78299e-014 2.38542e-014
lhumerus -42.3744 -19.2737 88.924
lradius 62.5121
lwrist 16.0145
lhand -8.12804 27.4017
lfingers 7.12502
lthumb 17.7856 56.6083
rfemur -35.9947 -6.95493 9.3242
rtibia 23.6506
rfoot -9.53449 1.08283
rtoes -18.0924
lfemur -33.6037 15.7721 -32.9933
ltibia 24.8343
lfoot -13.7462 -4.62967
ltoes -19.8947
101
root 0.513242 18.3189 -0.539868 234.983 101.777 212.477
lowerback 6.99038 -1.45506 3.69533
upperback 3.99455 -1.56988 2.44897
thorax 0.174466 -0.695713 0.55503
lowerneck -9.97604 -13.4326 -8.32335
upperneck 22.2624 -20.242 14.7062
head 11.3194 -8.40266 3.75933
rclavicle -1.35174e-014 5.40694e-014
rhumerus -23.7632 -3.42387 -69.3203
rradius 73.3547
rwrist -175.46
rhand -25.4683 -7.84095
rfingers 7.12502
rthumb 1.05932 -37.8181
lclavicle -1.35174e-014 5.40694e-014
lhumerus -42.3639 -19.4161 88.8043
lradius 63.0214
lwrist 15.9671
lhand -8.1829 27.5102
lfingers 7.12502
lthumb 17.7328 56.7217
rfemur -36.8197 -7.04314 9.18354
rtibia 24.2059
rfoot -9.58822 1.21525
rtoes -17.8455
lfemur -34.3478 15.8926 -33.4086
ltibia 25.2106
lfoot -13.763 -4.83491
ltoes -19.504
102
root 0.489303 18.3047 -0.545856 235.659 101.933 212.748
lowerback 7.15286 -1.42004 3.9419
upperback 4.08943 -1.49852 2.41885
thorax 0.177588 -0.653032 0.384238
lowerneck -10.0016 -13.4806 -8.26359
upperneck 21.8046 -20.2932 14.844
head 11.1704 -8.43695 3.78243
rclavicle -2.78299e-014 -3.18055e-015
rhumerus -23.7055 -3.65706 -69.1698
rradius 73.8596
rwrist -175.554
rhand -25.538 -8.00601
rfingers 7.12502
rthumb 0.99195 -37.9834
lclavicle -2.78299e-014 -3.18055e-015
lhumerus -42.3917 -19.6589 88.7026
lradius 63.5224
lwrist 15.7444
lhand -8.31543 27.4295
lfingers 7.12502
lthumb 17.6053 56.6524
rfemur -37.7262 -7.18986 9.09936
rtibia 24.8022
rfoot -9.65173 1.33506
rtoes -18.0448
lfemur -35.1949 16.0214 -33.8371
ltibia 25.6331
lfoot -13.7845 -5.04478
ltoes -19.3762
103
root 0.463212 18.2895 -0.55311 236.269 102.117 212.977
lowerback 7.4478 -1.40412 4.11799
upperback 4.15071 -1.44557 2.43166
thorax 0.075783 -0.622556 0.301387
lowerneck -10.0237 -13.4991 -8.2515
upperneck 21.3106 -20.2916 14.9896
head 11.0075 -8.45354 3.82477
rclavicle -1.43125e-014 3.65764e-014
rhumerus -23.7049 -3.72953 -68.9745
rradius 74.4782
rwrist -175.668
rhand -25.4921 -8.13078
rfingers 7.12502
rthumb 1.03625 -38.108
lclavicle -1.43125e-014 3.65764e-014
lhumerus -42.4834 -19.7672 88.6254
lradius 63.9857
lwrist 15.4779
lhand -8.2791 27.0295
lfingers 7.12502
lthumb 17.6403 56.2493
rfemur -38.6226 -7.2995 8.9826
rtibia 25.4256
rfoot -9.78102 1.44015
rtoes -17.782
lfemur -36.03 16.2138 -34.2985
ltibia 26.0734
lfoot -13.7268 -5.33134
ltoes -19.2337
104
root 0.435271 18.2681 -0.558811 236.917 102.343 213.286
lowerback 7.85409 -1.39933 4.17861
upperback 4.19407 -1.40522 2.47558
thorax -0.102694 -0.601639 0.318243
lowerneck -10.0787 -13.4807 -8.33488
upperneck 20.8594 -20.2292 15.1461
head 10.872 -8.44431 3.89413
rclavicle 1.66979e-014 -2.38542e-014
rhumerus -23.7196 -3.63866 -68.738
rradius 75.1285
rwrist -175.849
rhand -25.4314 -8.13874
rfingers 7.12502
rthumb 1.09495 -38.1157
lclavicle 1.66979e-014 -2.38542e-014
lhumerus -42.6074 -19.7781 88.6151
lradius 64.4785
lwrist 15.2072
lhand -8.26208 26.9194
lfingers 7.12502
lthumb 17.6567 56.1377
rfemur -39.5041 -7.41445 8.8274
rtibia 26.0593
rfoot -9.88974 1.59178
rtoes -17.7053
lfemur -36.841 16.4641 -34.8187
ltibia 26.5281
lfoot -13.6986 -5.6543
ltoes -18.9517
105
root 0.411746 18.2475 -0.566952 237.755 102.683 213.833
lowerback 8.27762 -1.41168 4.14257
upperback 4.27875 -1.39465 2.4681
thorax -0.247584 -0.595491 0.338158
lowerneck -10.331 -13.4576 -8.314
upperneck 20.546 -20.1598 15.1598
head 10.7947 -8.41925 3.88817
rclavicle 7.15625e-015 1.59028e-014
rhumerus -23.4776 -3.59406 -68.5917
rradius 75.5606
rwrist -175.928
rhand -25.4702 -8.18641
rfingers 7.12502
rthumb 1.05746 -38.1635
lclavicle 7.15625e-015 1.59028e-014
lhumerus -42.6839 -19.755 88.5308
lradius 65.0872
lwrist 15.1182
lhand -8.34362 27.0777
lfingers 7.12502
lthumb 17.5782 56.3031
rfemur -40.3293 -7.64579 8.57326
rtibia 26.6559
rfoot -9.90168 1.87373
rtoes -17.6113
lfemur -37.5788 16.5988 -35.415
ltibia 27.0214
lfoot -13.8275 -5.83922
ltoes -18.6986
106
root 0.393022 18.2294 -0.575572 238.324 102.988 214.086
lowerback 8.57709 -1.39349 4.19633
upperback 4.37887 -1.34581 2.46609
thorax -0.308517 -0.567716 0.307261
lowerneck -10.4394 -13.4489 -8.28051
upperneck 20.0905 -20.1063 15.2216
head 10.6452 -8.41236 3.90268
rclavicle 7.95139e-016 -3.33958e-014
rhumerus -23.2474 -3.66608 -68.4277
rradius 75.9733
rwrist -176.069
rhand -25.5689 -8.21937
rfingers 7.12502
rthumb 0.962116 -38.1969
lclavicle 7.95139e-016 -3.33958e-014
lhumerus -42.739 -19.8273 88.4661
lradius 65.6376
lwrist 15.0397
lhand -8.35903 27.022
lfingers 7.12502
lthumb 17.5633 56.2486
rfemur -41.1337 -7.85251 8.39285
rtibia 27.2231
rfoot -9.94842 2.1371
rtoes -17.6271
lfemur -38.351 16.7593 -35.9694
ltibia 27.559
lfoot -13.9803 -6.0064
ltoes -18.6624
107
root 0.370507 18.2111 -0.581777 238.22 103.096 213.667
lowerback 8.9059 -1.36831 4.47155
upperback 4.49231 -1.26538 2.52003
thorax -0.37317 -0.520235 0.207821
lowerneck -10.5448 -13.4606 -8.26792
upperneck 19.6226 -20.0922 15.3531
head 10.5087 -8.41877 3.93753
rclavicle -3.18055e-014 4.6118e-014
rhumerus -23.147 -3.71866 -68.264
rradius 76.5002
rwrist -176.262
rhand -25.4719 -8.17429
rfingers 7.12502
rthumb 1.05581 -38.1514
lclavicle -3.18055e-014 4.6118e-014
lhumerus -42.7789 -20.0346 88.3873
lradius 66.2013
lwrist 14.962
lhand -8.36529 26.8932
lfingers 7.12502
lthumb 17.5573 56.1204
rfemur -41.9199 -7.92804 8.4632
rtibia 27.7508
rfoot -9.98186 2.33673
rtoes -17.5223
lfemur -39.1419 16.9884 -36.261
ltibia 28.0912
lfoot -14.0951 -6.18751
ltoes -18.6774
108
root 0.344983 18.19 -0.588594 238.347 103.256 213.489
lowerback 9.31102 -1.36537 4.68174
upperback 4.57266 -1.21232 2.54873
thorax -0.513397 -0.489107 0.12248
lowerneck -10.6093 -13.4473 -8.28565
upperneck 19.1541 -20.0417 15.5032
head 10.3659 -8.41123 3.99253
rclavicle 2.70347e-014 -3.65764e-014
rhumerus -22.9933 -3.65507 -68.1011
rradius 76.998
rwrist -176.527
rhand -25.3731 -8.04065
rfingers 7.12502
rthumb 1.15122 -38.0173
lclavicle 2.70347e-014 -3.65764e-014
lhumerus -42.823 -20.0141 88.2543
lradius 66.8293
lwrist 14.7306
lhand -8.39796 26.8165
lfingers 7.12502
lthumb 17.5259 56.0465
rfemur -42.7055 -7.96842 8.42827
rtibia 28.2708
rfoot -10.0244 2.47924
rtoes -17.5569
lfemur -39.9516 17.2157 -36.6393
ltibia 28.6368
lfoot -14.2543 -6.43152
ltoes -18.691
109
root 0.320871 18.1692 -0.59626 238.83 103.451 213.645
lowerback 9.68904 -1.38254 4.83576
upperback 4.62609 -1.19105 2.56627
thorax -0.666433 -0.47577 0.0594595
lowerneck -10.6903 -13.4197 -8.26348
upperneck 18.7472 -19.9642 15.5609
head 10.2292 -8.39264 4.01441
rclavicle -1.27222e-014 2.06736e-014
rhumerus -22.7254 -3.64374 -67.9377
rradius 77.3755
rwrist -176.658
rhand -25.4013 -8.10524
rfingers 7.12502
rthumb 1.12402 -38.082
lclavicle -1.27222e-014 2.06736e-014
lhumerus -42.9165 -19.9085 88.1606
lradius 67.5246
lwrist 14.4919
lhand -8.36398 26.8773
lfingers 7.12502
lthumb 17.5586 56.1044
rfemur -43.5107 -8.13581 8.3401
rtibia 28.8114
rfoot -10.0289 2.65179
rtoes -17.1445
lfemur -40.7825 17.3669 -37.0905
ltibia 29.2089
lfoot -14.3437 -6.70006
ltoes -18.5382
110
root 0.298169 18.1485 -0.603697 239.289 103.578 213.755
lowerback 10.036 -1.41829 5.0064
upperback 4.65778 -1.19083 2.652
thorax -0.824249 -0.473599 0.0595375
lowerneck -10.8366 -13.4054 -8.33257
upperneck 18.5091 -19.8953 15.5491
head 10.1681 -8.37644 4.02117
rclavicle 3.18055e-014 -2.06736e-014
rhumerus -22.4502 -3.51699 -67.7058
rradius 77.7546
rwrist -176.769
rhand -25.5775 -8.05569
rfingers 7.12502
rthumb 0.953836 -38.0333
lclavicle 3.18055e-014 -2.06736e-014
lhumerus -43.047 -19.8476 88.1606
lradius 68.1879
lwrist 14.4323
lhand -8.60701 27.0264
lfingers 7.12502
lthumb 17.3247 56.2742
rfemur -44.3412 -8.37975 8.34675
rtibia 29.3854
rfoot -10.0819 2.876
rtoes -16.9216
lfemur -41.6176 17.4835 -37.477
ltibia 29.7878
lfoot -14.435 -6.98457
ltoes -18.005
111
root 0.27456 18.126 -0.608347 239.545 103.774 213.638
lowerback 10.359 -1.41229 5.08888
upperback 4.70494 -1.14649 2.70518
thorax -0.950255 -0.450191 0.0696337
lowerneck -11.0584 -13.3908 -8.2726
upperneck 18.3015 -19.8411 15.4936
head 10.1148 -8.35621 3.98747
rclavicle 1.43125e-014 6.36111e-015
rhumerus -22.1635 -3.4778 -67.5547
rradius 78.1082
rwrist -176.863
rhand -25.7576 -7.81614
rfingers 7.12502
rthumb 0.779907 -37.7945
lclavicle 1.43125e-014 6.36111e-015
lhumerus -43.1175 -19.8701 88.0534
lradius 68.867
lwrist 14.3802
lhand -8.91828 27.0117
lfingers 7.12502
lthumb 17.0251 56.2856
rfemur -45.2433 -8.51939 8.32644
rtibia 30.0017
rfoot -10.1686 3.11392
rtoes -16.6927
lfemur -42.4982 17.6373 -37.8845
ltibia 30.3592
lfoot -14.5974 -7.22412
ltoes -18.0068
112
root 0.249378 18.1006 -0.612651 239.704 104.059 213.385
lowerback 10.6514 -1.35816 5.11518
upperback 4.75367 -1.04827 2.7253
thorax -1.05557 -0.400797 0.0696395
lowerneck -11.2555 -13.3777 -8.15637
upperneck 18.0376 -19.7951 15.4533
head 10.0342 -8.33937 3.95103
rclavicle 3.33958e-014 -7.79236e-014
rhumerus -21.8586 -3.5022 -67.44
rradius 78.4458
rwrist -177.025
rhand -25.7962 -7.58887
rfingers 7.12502
rthumb 0.742619 -37.5673
lclavicle 3.33958e-014 -7.79236e-014
lhumerus -43.1447 -19.9858 87.9188
lradius 69.5479
lwrist 14.3396
lhand -9.07261 26.863
lfingers 7.12502
lthumb 16.8765 56.1496
rfemur -46.2254 -8.56324 8.25235
rtibia 30.6268
rfoot -10.222 3.28697
rtoes -16.7729
lfemur -43.4556 17.8001 -38.3541
ltibia 30.9355
lfoot -14.7469 -7.44175
ltoes -17.9725
113
root 0.226692 18.0728 -0.618625 240.102 104.318 213.357
lowerback 10.9116 -1.36753 5.10695
upperback 4.78408 -1.03617 2.81088
thorax -1.16361 -0.395177 0.166118
lowerneck -11.2935 -13.3226 -8.26604
upperneck 17.6276 -19.6601 15.5263
head 9.89875 -8.30385 4.01081
rclavicle -5.24792e-014 1.25632e-013
rhumerus -21.5223 -3.27895 -67.1835
rradius 78.8244
rwrist -177.269
rhand -25.7906 -7.66383
rfingers 7.12502
rthumb 0.748009 -37.6423
lclavicle -5.24792e-014 1.25632e-013
lhumerus -43.1945 -19.8457 87.8666
lradius 70.2304
lwrist 14.3235
lhand -9.101 26.8278
lfingers 7.12502
lthumb 16.8492 56.1168
rfemur -47.2352 -8.78128 8.2271
rtibia 31.2591
rfoot -10.2299 3.54603
rtoes -16.8537
lfemur -44.418 17.92 -38.8467
ltibia 31.526
lfoot -14.8179 -7.70727
ltoes -17.5017
114
root 0.205914 18.0467 -0.627625 240.417 104.583 213.289
lowerback 11.1529 -1.29821 5.26621
upperback 4.92381 -0.91231 2.7526
thorax -1.14764 -0.326481 0.00480704
lowerneck -11.6155 -13.3874 -8.00523
upperneck 17.2275 -19.7465 15.5675
head 9.80741 -8.33329 3.94963
rclavicle -1.90833e-014 -3.97569e-014
rhumerus -21.1607 -3.44097 -66.9881
rradius 79.1907
rwrist -177.415
rhand -25.8598 -7.64587
rfingers 7.12502
rthumb 0.68112 -37.6245
lclavicle -1.90833e-014 -3.97569e-014
lhumerus -42.9945 -20.0856 87.6548
lradius 70.9165
lwrist 14.2005
lhand -9.15198 26.9015
lfingers 7.12502
lthumb 16.8001 56.1947
rfemur -48.183 -8.97426 8.17385
rtibia 31.9044
rfoot -10.3081 3.81836
rtoes -16.5915
lfemur -45.3001 18.0002 -39.2992
ltibia 32.1173
lfoot -14.9072 -7.95953
ltoes -16.8584
115
root 0.184346 18.0199 -0.635682 240.437 104.813 212.872
lowerback 11.357 -1.25469 5.44679
upperback 5.01254 -0.819958 2.74816
thorax -1.16413 -0.275315 -0.109345
lowerneck -11.8591 -13.4054 -7.88626
upperneck 16.9247 -19.756 15.6027
head 9.7398 -8.33525 3.92616
rclavicle -2.06736e-014 2.70347e-014
rhumerus -20.7316 -3.45555 -66.8639
rradius 79.5356
rwrist -177.509
rhand -25.7164 -7.37499
rfingers 7.12502
rthumb 0.819659 -37.3532
lclavicle -2.06736e-014 2.70347e-014
lhumerus -42.9391 -20.1365 87.4774
lradius 71.6946
lwrist 14.039
lhand -9.10323 26.7296
lfingers 7.12502
lthumb 16.8471 56.0188
rfemur -49.1919 -9.07862 8.20623
rtibia 32.5442
rfoot -10.3361 4.05104
rtoes -16.4468
lfemur -46.2705 18.1499 -39.7134
ltibia 32.7291
lfoot -15.0105 -8.18845
ltoes -16.4886
116
root 0.163884 17.988 -0.640544 240.579 105.169 212.604
lowerback 11.5907 -1.19874 5.43557
upperback 5.08611 -0.728332 2.75781
thorax -1.21025 -0.228346 -0.101606
lowerneck -12.0457 -13.3897 -7.8921
upperneck 16.6201 -19.694 15.6255
head 9.66319 -8.31656 3.93288
rclavicle -1.59028e-014 6.36111e-014
rhumerus -20.2644 -3.43242 -66.7515
rradius 79.8293
rwrist -177.519
rhand -25.648 -7.14293
rfingers 7.12502
rthumb 0.885743 -37.1208
lclavicle -1.59028e-014 6.36111e-014
lhumerus -42.9075 -20.1979 87.3977
lradius 72.4903
lwrist 14.2299
lhand -9.15678 26.7976
lfingers 7.12502
lthumb 16.7955 56.0912
rfemur -50.1934 -9.17045 8.11613
rtibia 33.1771
rfoot -10.3461 4.34315
rtoes -16.4969
lfemur -47.2377 18.3993 -40.3024
ltibia 33.3431
lfoot -15.1052 -8.4589
ltoes -16.3041
117
root 0.140801 17.9562 -0.643389 240.528 105.452 212.225
lowerback 11.9789 -1.17183 5.44709
upperback 5.15386 -0.657653 2.78089
thorax -1.34692 -0.192671 -0.0883524
lowerneck -12.2002 -13.3639 -7.84769
upperneck 16.2976 -19.628 15.6608
head 9.57057 -8.29448 3.93956
rclavicle -1.43125e-014 -3.18055e-015
rhumerus -19.8014 -3.3585 -66.6501
rradius 80.1178
rwrist -177.573
rhand -25.7668 -7.01959
rfingers 7.12502
rthumb 0.770959 -36.9979
lclavicle -1.43125e-014 -3.18055e-015
lhumerus -42.8984 -20.3282 87.3063
lradius 73.2394
lwrist 14.4963
lhand -9.48006 26.9903
lfingers 7.12502
lthumb 16.4843 56.31
rfemur -51.0985 -9.22272 8.10465
rtibia 33.8046
rfoot -10.3929 4.58928
rtoes -16.2185
lfemur -48.137 18.592 -40.727
ltibia 33.9701
lfoot -15.2 -8.70757
ltoes -16.1256
118
root 0.11951 17.9263 -0.647466 240.413 105.719 211.843
lowerback 12.4174 -1.17814 5.48576
upperback 5.24587 -0.623589 2.78353
thorax -1.48684 -0.173721 -0.106681
lowerneck -12.3447 -13.3136 -7.77593
upperneck 15.9561 -19.5358 15.721
head 9.46682 -8.2581 3.95604
rclavicle 3.02153e-014 -4.77083e-015
rhumerus -19.2968 -3.25731 -66.5893
rradius 80.3059
rwrist -177.711
rhand -25.7116 -7.23096
rfingers 7.12502
rthumb 0.824331 -37.2091
lclavicle 3.02153e-014 -4.77083e-015
lhumerus -42.8935 -20.3002 87.1616
lradius 74.0014
lwrist 14.5866
lhand -9.90715 26.8614
lfingers 7.12502
lthumb 16.0731 56.2148
rfemur -51.9252 -9.28981 8.10647
rtibia 34.4425
rfoot -10.4808 4.87021
rtoes -16.159
lfemur -48.9609 18.7962 -41.103
ltibia 34.5981
lfoot -15.2604 -9.03732
ltoes -15.2915
119
root 0.0967755 17.8951 -0.654981 239.79 105.895 211.03
lowerback 12.9924 -1.18216 5.6923
upperback 5.35095 -0.551899 2.81291
thorax -1.68481 -0.134197 -0.195014
lowerneck -12.5 -13.2737 -7.7131
upperneck 15.6261 -19.4581 15.7838
head 9.37259 -8.22735 3.97157
rclavicle 3.33958e-014 -6.20208e-014
rhumerus -18.7765 -3.2147 -66.5221
rradius 80.4401
rwrist -177.963
rhand -25.5918 -7.71506
rfingers 7.12502
rthumb 0.940035 -37.6927
lclavicle 3.33958e-014 -6.20208e-014
lhumerus -42.9067 -20.2186 86.9954
lradius 74.8442
lwrist 14.5904
lhand -10.0098 26.8237
lfingers 7.12502
lthumb 15.9742 56.1851
rfemur -52.6867 -9.31955 8.27646
rtibia 35.1103
rfoot -10.5567 5.20753
rtoes -16.0172
lfemur -49.7207 19.0924 -41.3209
ltibia 35.2188
lfoot -15.2517 -9.35017
ltoes -13.8931
120
root 0.0738979 17.8646 -0.658475 238.794 105.98 209.875
lowerback 13.6413 -1.17872 5.92829
upperback 5.43995 -0.452739 2.91663
thorax -1.93615 -0.0824471 -0.226219
lowerneck -12.6543 -13.2218 -7.66161
upperneck 15.356 -19.3528 15.7646
head 9.28657 -8.18826 3.96663
rclavicle 2.8625e-014 -6.36111e-015
rhumerus -18.2761 -3.1403 -66.4355
rradius 80.5595
rwrist -178.106
rhand -25.4627 -8.20877
rfingers 7.12502
rthumb 1.06466 -38.1859
lclavicle 2.8625e-014 -6.36111e-015
lhumerus -42.9635 -20.1397 86.8555
lradius 75.699
lwrist 14.6433
lhand -9.96771 26.8167
lfingers 7.12502
lthumb 16.0147 56.1747
rfemur -53.429 -9.22835 8.57199
rtibia 35.8425
rfoot -10.6621 5.48739
rtoes -16.2185
lfemur -50.4336 19.3442 -41.3305
ltibia 35.8467
lfoot -15.3653 -9.39722
ltoes -13.8315
121
root 0.0529671 17.8291 -0.655963 239.127 106.489 209.94
lowerback 14.1157 -1.11403 5.58231
upperback 5.48032 -0.373282 2.88507
thorax -2.1448 -0.0490946 -0.0733799
lowerneck -12.7849 -13.1796 -7.55364
upperneck 15.082 -19.265 15.7146
head 9.18802 -8.15826 3.94203
rclavicle -9.54166e-015 8.5875e-014
rhumerus -17.8528 -3.05667 -66.348
rradius 80.7853
rwrist -178.129
rhand -25.2335 -8.48762
rfingers 7.12502
rthumb 1.28609 -38.4635
lclavicle -9.54166e-015 8.5875e-014
lhumerus -42.994 -20.1531 86.7072
lradius 76.542
lwrist 14.7799
lhand -9.97438 26.7591
lfingers 7.12502
lthumb 16.0083 56.1177
rfemur -54.3766 -9.21793 8.27973
rtibia 36.6325
rfoot -10.8012 5.69936
rtoes -16.4564
lfemur -51.2792 19.5414 -41.9854
ltibia 36.5056
lfoot -15.4191 -9.61748
ltoes -12.8771
122
root 0.030083 17.7838 -0.650806 240.143 107.156 210.548
lowerback 14.4054 -1.04095 5.00965
upperback 5.50119 -0.337978 2.78151
thorax -2.27686 -0.0392933 0.135967
lowerneck -12.8799 -13.1338 -7.45808
upperneck 14.7482 -19.1762 15.7316
head 9.0724 -8.12816 3.94382
rclavicle -7.95139e-015 -1.59028e-014
rhumerus -17.4176 -2.99145 -66.3002
rradius 81.0912
rwrist -178.273
rhand -25.1466 -8.59625
rfingers 7.12502
rthumb 1.36996 -38.5716
lclavicle -7.95139e-015 -1.59028e-014
lhumerus -42.9462 -20.2052 86.5233
lradius 77.3705
lwrist 14.9751
lhand -9.96002 26.8711
lfingers 7.12502
lthumb 16.0221 56.2286
rfemur -55.5291 -9.30046 7.75699
rtibia 37.4409
rfoot -10.9163 5.83041
rtoes -16.5964
lfemur -52.3393 19.7008 -43.0025
ltibia 37.2137
lfoot -15.4839 -9.94784
ltoes -12.0527
123
root 0.00659656 17.7411 -0.650164 240.514 107.569 210.513
lowerback 14.6573 -0.999566 4.79733
upperback 5.57485 -0.295969 2.74587
thorax -2.33277 -0.0191097 0.21291
lowerneck -13.1095 -13.1029 -7.3759
upperneck 14.4988 -19.109 15.7155
head 9.01054 -8.09966 3.92493
rclavicle -7.95139e-015 3.33958e-014
rhumerus -16.7952 -3.01227 -66.2682
rradius 81.212
rwrist -178.466
rhand -25.0369 -8.7187
rfingers 7.12502
rthumb 1.47596 -38.6933
lclavicle -7.95139e-015 3.33958e-014
lhumerus -42.7991 -20.2896 86.2991
lradius 78.2088
lwrist 15.2204
lhand -9.92163 27.0857
lfingers 7.12502
lthumb 16.0591 56.4402
rfemur -56.6479 -9.36593 7.5807
rtibia 38.2399
rfoot -11.0039 6.0518
rtoes -16.5593
lfemur -53.3711 19.7654 -43.5973
ltibia 37.9573
lfoot -15.6568 -10.1297
ltoes -11.7626
124
root -0.0144432 17.7018 -0.653541 240.447 107.925 210.195
lowerback 15.073 -0.95447 4.69278
upperback 5.67253 -0.21868 2.76277
thorax -2.44948 0.0199698 0.27972
lowerneck -13.3144 -13.0637 -7.36116
upperneck 14.2577 -19.0173 15.6904
head 8.9496 -8.06476 3.91866
rclavicle -4.13472e-014 -3.49861e-014
rhumerus -16.1837 -2.97439 -66.1401
rradius 81.3294
rwrist -178.674
rhand -24.9699 -8.63409
rfingers 7.12502
rthumb 1.54067 -38.6083
lclavicle -4.13472e-014 -3.49861e-014
lhumerus -42.677 -20.3838 86.1579
lradius 79.0004
lwrist 15.4944
lhand -9.93837 26.943
lfingers 7.12502
lthumb 16.043 56.2988
rfemur -57.5589 -9.43417 7.53802
rtibia 38.9889
rfoot -11.0617 6.42285
rtoes -16.3137
lfemur -54.2544 19.9285 -44.0421
ltibia 38.7393
lfoot -15.8796 -10.302
ltoes -11.7428
125
root -0.0331455 17.6646 -0.663891 240.214 108.111 209.734
lowerback 15.5296 -0.980957 4.85959
upperback 5.76477 -0.190695 2.78754
thorax -2.59433 0.0373856 0.210769
lowerneck -13.5307 -12.9901 -7.28508
upperneck 14.0401 -18.8895 15.6494
head 8.88654 -8.00877 3.90421
rclavicle -1.59028e-014 -4.77083e-014
rhumerus -15.5659 -2.85057 -66.0205
rradius 81.5378
rwrist -178.884
rhand -25.042 -8.34823
rfingers 7.12502
rthumb 1.47105 -38.3229
lclavicle -1.59028e-014 -4.77083e-014
lhumerus -42.5409 -20.4024 86.002
lradius 79.6896
lwrist 15.5981
lhand -10.0516 26.7401
lfingers 7.12502
lthumb 15.9339 56.1047
rfemur -58.4029 -9.70568 7.78464
rtibia 39.6866
rfoot -11.0784 6.98234
rtoes -16.2511
lfemur -55.1144 20.128 -44.3688
ltibia 39.5667
lfoot -16.1596 -10.524
ltoes -11.7708
126
root -0.0523114 17.6276 -0.681663 240.145 108.193 209.413
lowerback 15.9382 -1.07342 5.2122
upperback 5.84298 -0.222208 2.80305
thorax -2.72938 0.0271065 0.0379113
lowerneck -13.6938 -12.9146 -7.20325
upperneck 13.8533 -18.7583 15.572
head 8.81928 -7.9551 3.88074
rclavicle -1.43125e-014 9.54166e-015
rhumerus -14.9715 -2.7462 -65.9121
rradius 81.7522
rwrist -179.054
rhand -25.1303 -8.26376
rfingers 7.12502
rthumb 1.38574 -38.239
lclavicle -1.43125e-014 9.54166e-015
lhumerus -42.4134 -20.3727 85.8524
lradius 80.4358
lwrist 15.618
lhand -10.133 26.6124
lfingers 7.12502
lthumb 15.8556 55.9832
rfemur -59.2709 -10.2051 8.18184
rtibia 40.3678
rfoot -11.046 7.64948
rtoes -15.9267
lfemur -55.958 20.184 -44.6228
ltibia 40.4053
lfoot -16.4574 -10.6674
ltoes -11.5707
127
root -0.0723943 17.5861 -0.69146 239.981 108.26 208.997
lowerback 16.3232 -1.11694 5.50293
upperback 5.94699 -0.197419 2.84557
thorax -2.82179 0.0451101 -0.0820841
lowerneck -13.8325 -12.8652 -7.08351
upperneck 13.5549 -18.6532 15.4776
head 8.70779 -7.92169 3.8438
rclavicle 3.18055e-015 4.77083e-015
rhumerus -14.3371 -2.737 -65.7491
rradius 81.9207
rwrist -179.244
rhand -25.2577 -8.26003
rfingers 7.12502
rthumb 1.26269 -38.236
lclavicle 3.18055e-015 4.77083e-015
lhumerus -42.2138 -20.591 85.7374
lradius 81.2693
lwrist 15.7729
lhand -10.4622 27.0119
lfingers 7.12502
lthumb 15.5385 56.4076
rfemur -60.123 -10.526 8.5395
rtibia 41.0569
rfoot -11.0792 8.16492
rtoes -15.6633
lfemur -56.8592 20.2882 -44.8269
ltibia 41.2633
lfoot -16.737 -10.849
ltoes -11.3534
128
root -0.0908628 17.5415 -0.693123 239.702 108.443 208.453
lowerback 16.6441 -1.11526 5.60108
upperback 6.07979 -0.150998 2.85934
thorax -2.84836 0.0735809 -0.129173
lowerneck -14.0397 -12.8025 -7.0083
upperneck 13.2907 -18.5471 15.4968
head 8.63827 -7.87385 3.84649
rclavicle 1.43125e-014 9.54166e-015
rhumerus -13.5916 -2.77588 -65.7117
rradius 82.0135
rwrist -179.331
rhand -25.2664 -8.25507
rfingers 7.12502
rthumb 1.25431 -38.2311
lclavicle 1.43125e-014 9.54166e-015
lhumerus -41.9214 -20.8318 85.5373
lradius 81.9067
lwrist 15.9793
lhand -10.8659 27.1562
lfingers 7.12502
lthumb 15.1496 56.5816
rfemur -60.9969 -10.6087 8.75728
rtibia 41.7589
rfoot -11.1679 8.4959
rtoes -15.6767
lfemur -57.8056 20.4957 -45.104
ltibia 42.1119
lfoot -16.9421 -11.1131
ltoes -11.1995
129
root -0.107316 17.4983 -0.6959 239.594 108.639 208.052
lowerback 16.9079 -1.12627 5.70931
upperback 6.18289 -0.126604 2.83138
thorax -2.8766 0.0902165 -0.222397
lowerneck -14.168 -12.7579 -6.92942
upperneck 13.0455 -18.4721 15.525
head 8.56571 -7.8425 3.85075
rclavicle 3.49861e-014 7.31528e-014
rhumerus -12.8802 -2.8292 -65.7581
rradius 82.0583
rwrist -179.368
rhand -25.1528 -8.29042
rfingers 7.12502
rthumb 1.36401 -38.2658
lclavicle 3.49861e-014 7.31528e-014
lhumerus -41.6012 -20.9135 85.278
lradius 82.4343
lwrist 16.0434
lhand -10.9228 27.1681
lfingers 7.12502
lthumb 15.0948 56.5977
rfemur -61.9386 -10.8615 9.03637
rtibia 42.4907
rfoot -11.1912 8.9926
rtoes -15.3661
lfemur -58.7696 20.643 -45.4261
ltibia 42.963
lfoot -17.058 -11.3778
ltoes -10.7562
130
root -0.120176 17.4565 -0.699341 239.72 109.019 207.894
lowerback 17.1394 -1.09484 5.6221
upperback 6.26079 -0.0848758 2.76311
thorax -2.91427 0.112031 -0.252201
lowerneck -14.1873 -12.7075 -6.85415
upperneck 12.8059 -18.3825 15.5117
head 8.46959 -7.81322 3.85073
rclavicle 1.11319e-014 -1.25632e-013
rhumerus -12.2624 -2.85214 -65.7228
rradius 82.0868
rwrist -179.489
rhand -25.0663 -8.45845
rfingers 7.12502
rthumb 1.44752 -38.4333
lclavicle 1.11319e-014 -1.25632e-013
lhumerus -41.3462 -21.0043 85.0373
lradius 83.04
lwrist 16.0805
lhand -10.6654 27.271
lfingers 7.12502
lthumb 15.3428 56.6818
rfemur -62.8972 -11.1593 9.13194
rtibia 43.2546
rfoot -11.2063 9.58898
rtoes -15.2333
lfemur -59.6883 20.8087 -45.9807
ltibia 43.8107
lfoot -17.3224 -11.576
ltoes -10.5104
131
root -0.135169 17.4086 -0.702944 240.017 109.474 207.898
lowerback 17.424 -1.04381 5.41921
upperback 6.30951 -0.0318457 2.70878
thorax -3.01082 0.136203 -0.204331
lowerneck -14.2138 -12.6722 -6.90839
upperneck 12.5817 -18.2983 15.5405
head 8.39782 -7.7876 3.88149
rclavicle 2.8625e-014 -1.90833e-014
rhumerus -11.6365 -2.8545 -65.6046
rradius 82.082
rwrist -179.665
rhand -25.0696 -8.54233
rfingers 7.12502
rthumb 1.44439 -38.5172
lclavicle 2.8625e-014 -1.90833e-014
lhumerus -41.0919 -21.0951 84.8564
lradius 83.6736
lwrist 16.1424
lhand -10.535 27.3633
lfingers 7.12502
lthumb 15.4684 56.7645
rfemur -63.8866 -11.3539 9.04454
rtibia 44.0344
rfoot -11.314 9.99475
rtoes -15.3906
lfemur -60.6771 21.0098 -46.6948
ltibia 44.6867
lfoot -17.586 -11.8389
ltoes -10.1881
132
root -0.1548 17.3564 -0.705594 240.2 109.697 207.784
lowerback 17.784 -1.04698 5.4142
upperback 6.33432 -0.00467681 2.72153
thorax -3.17227 0.148182 -0.191383
lowerneck -14.3359 -12.6324 -6.93624
upperneck 12.4341 -18.2098 15.5015
head 8.35773 -7.75491 3.88172
rclavicle -5.40694e-014 -8.42847e-014
rhumerus -10.9483 -2.8163 -65.4777
rradius 82.0514
rwrist -179.886
rhand -25.1232 -8.33561
rfingers 7.12502
rthumb 1.3926 -38.3108
lclavicle -5.40694e-014 -8.42847e-014
lhumerus -40.8177 -21.1343 84.6802
lradius 84.2088
lwrist 16.039
lhand -10.6223 27.2709
lfingers 7.12502
lthumb 15.3844 56.6786
rfemur -64.8589 -11.5515 9.18388
rtibia 44.8185
rfoot -11.4568 10.2928
rtoes -15.6579
lfemur -61.6761 21.0911 -47.1205
ltibia 45.5766
lfoot -17.7092 -12.061
ltoes -9.46924
133
root -0.174268 17.3089 -0.702179 239.809 109.714 207.183
lowerback 18.2208 -1.07132 5.62358
upperback 6.40771 0.0429959 2.78172
thorax -3.31948 0.174297 -0.25278
lowerneck -14.4996 -12.5623 -6.89207
upperneck 12.3356 -18.088 15.3997
head 8.32363 -7.70334 3.85443
rclavicle 1.90833e-014 9.06458e-014
rhumerus -10.2323 -2.8366 -65.421
rradius 82.0187
rwrist -180.05
rhand -25.1514 -8.25559
rfingers 7.12502
rthumb 1.36539 -38.231
lclavicle 1.90833e-014 9.06458e-014
lhumerus -40.4581 -21.1528 84.4108
lradius 84.6777
lwrist 15.8886
lhand -10.7341 27.0557
lfingers 7.12502
lthumb 15.2767 56.4715
rfemur -65.6824 -11.6219 9.58477
rtibia 45.6068
rfoot -11.5552 10.55
rtoes -15.0366
lfemur -62.6126 21.2971 -47.2284
ltibia 46.4964
lfoot -17.8624 -12.2514
ltoes -9.05347
134
root -0.191535 17.2666 -0.692701 239.646 109.702 207.034
lowerback 18.818 -1.1436 5.77723
upperback 6.53745 0.0351222 2.8081
thorax -3.49175 0.175528 -0.30657
lowerneck -14.7081 -12.5014 -6.7622
upperneck 12.2794 -17.9959 15.2709
head 8.30428 -7.6592 3.79864
rclavicle 4.77083e-014 -3.81667e-014
rhumerus -9.49877 -2.92252 -65.4156
rradius 81.9296
rwrist -180.179
rhand -25.0126 -8.26489
rfingers 7.12502
rthumb 1.49943 -38.2394
lclavicle 4.77083e-014 -3.81667e-014
lhumerus -40.066 -21.2392 84.1103
lradius 85.273
lwrist 15.685
lhand -10.6978 27.4354
lfingers 7.12502
lthumb 15.3116 56.8486
rfemur -66.216 -11.7395 9.83973
rtibia 46.3929
rfoot -11.7863 10.7632
rtoes -15.2027
lfemur -63.2705 21.5339 -47.324
ltibia 47.4015
lfoot -18.0574 -12.5317
ltoes -9.09448
135
root -0.202068 17.207 -0.696058 240.173 110.003 207.01
lowerback 18.6541 -1.08866 5.75705
upperback 6.54518 0.079929 2.73851
thorax -3.39585 0.197926 -0.379557
lowerneck -14.878 -12.4458 -6.58078
upperneck 12.1873 -17.9057 15.0745
head 8.25422 -7.62368 3.71586
rclavicle 7.95139e-015 7.95139e-015
rhumerus -8.83327 -3.04042 -65.3866
rradius 81.7997
rwrist -180.322
rhand -24.935 -8.20372
rfingers 7.12502
rthumb 1.57437 -38.1777
lclavicle 7.95139e-015 7.95139e-015
lhumerus -39.7125 -21.4109 83.8659
lradius 85.9816
lwrist 15.6191
lhand -10.6071 28.2799
lfingers 7.12502
lthumb 15.3989 57.6864
rfemur -67.4917 -12.0498 9.96545
rtibia 47.1948
rfoot -11.8461 11.2294
rtoes -15.0161
lfemur -64.5328 21.4922 -47.9822
ltibia 48.3275
lfoot -18.3492 -12.6619
ltoes -9.17268
136
root -0.211007 17.1539 -0.700818 240.338 110.193 206.853
lowerback 18.809 -1.11762 5.91212
upperback 6.58015 0.0806141 2.69184
thorax -3.4376 0.200184 -0.515868
lowerneck -14.9544 -12.3717 -6.56322
upperneck 12.0186 -17.7683 14.982
head 8.18391 -7.57377 3.70338
rclavicle 1.11319e-014 -2.06736e-014
rhumerus -8.10887 -3.08031 -65.3637
rradius 81.5987
rwrist -180.498
rhand -24.8741 -8.21741
rfingers 7.12502
rthumb 1.63313 -38.1909
lclavicle 1.11319e-014 -2.06736e-014
lhumerus -39.3232 -21.5251 83.5855
lradius 86.5413
lwrist 15.8366
lhand -10.6834 28.3612
lfingers 7.12502
lthumb 15.3254 57.7734
rfemur -68.4927 -12.3793 10.231
rtibia 48.0028
rfoot -11.8807 11.7541
rtoes -14.6755
lfemur -65.5439 21.6065 -48.4542
ltibia 49.2526
lfoot -18.6099 -12.9237
ltoes -8.82883
137
root -0.220059 17.1041 -0.702798 240.056 110.209 206.342
lowerback 19.0698 -1.18809 6.22576
upperback 6.64001 0.0716584 2.69727
thorax -3.50693 0.199911 -0.683471
lowerneck -15.0714 -12.2758 -6.51523
upperneck 11.9503 -17.6117 14.8445
head 8.14443 -7.50901 3.67235
rclavicle -1.11319e-014 5.40694e-014
rhumerus -7.33776 -3.06647 -65.3674
rradius 81.4308
rwrist -180.643
rhand -24.8295 -8.20656
rfingers 7.12502
rthumb 1.67627 -38.1797
lclavicle -1.11319e-014 5.40694e-014
lhumerus -38.9422 -21.5695 83.2271
lradius 87.0158
lwrist 15.942
lhand -10.7967 28.0312
lfingers 7.12502
lthumb 15.2163 57.4517
rfemur -69.337 -12.5465 10.6456
rtibia 48.8172
rfoot -12.0304 12.1348
rtoes -14.8573
lfemur -66.4809 21.7919 -48.628
ltibia 50.2083
lfoot -18.7524 -13.2095
ltoes -8.27313
138
root -0.230229 17.0507 -0.700317 239.907 110.279 205.936
lowerback 19.373 -1.18651 6.33956
upperback 6.63859 0.127716 2.7517
thorax -3.66193 0.225019 -0.700447
lowerneck -15.1409 -12.2144 -6.4835
upperneck 11.903 -17.5025 14.7091
head 8.11083 -7.46805 3.63893
rclavicle -4.45278e-014 -2.38542e-014
rhumerus -6.69186 -3.05155 -65.2757
rradius 81.2885
rwrist -180.817
rhand -24.8785 -7.9796
rfingers 7.12502
rthumb 1.62888 -37.9531
lclavicle -4.45278e-014 -2.38542e-014
lhumerus -38.6416 -21.6172 82.9987
lradius 87.4641
lwrist 15.8728
lhand -10.9432 27.6787
lfingers 7.12502
lthumb 15.0752 57.1098
rfemur -70.2112 -12.6355 10.942
rtibia 49.625
rfoot -12.219 12.4641
rtoes -14.9107
lfemur -67.4599 21.9514 -48.8663
ltibia 51.1669
lfoot -18.9297 -13.4766
ltoes -7.80697
139
root -0.240197 16.9941 -0.698183 239.927 110.557 205.707
lowerback 19.732 -1.14208 6.15918
upperback 6.60414 0.189615 2.81286
thorax -3.8839 0.247931 -0.546081
lowerneck -15.1963 -12.1549 -6.51519
upperneck 11.8431 -17.3678 14.4923
head 8.06457 -7.42673 3.59367
rclavicle -3.33958e-014 3.33958e-014
rhumerus -6.04159 -2.93881 -65.0769
rradius 81.0929
rwrist -181.048
rhand -25.0447 -7.72902
rfingers 7.12502
rthumb 1.46837 -37.7037
lclavicle -3.33958e-014 3.33958e-014
lhumerus -38.4254 -21.4616 82.8772
lradius 87.9452
lwrist 15.6951
lhand -10.8576 27.3995
lfingers 7.12502
lthumb 15.1577 56.8244
rfemur -71.1326 -12.7353 11.0604
rtibia 50.4448
rfoot -12.3504 12.8242
rtoes -14.8809
lfemur -68.4403 22.1228 -49.3311
ltibia 52.1247
lfoot -19.1532 -13.6771
ltoes -7.56141
140
root -0.246961 16.9393 -0.698044 239.785 110.79 205.33
lowerback 20.0148 -1.10488 6.06224
upperback 6.60924 0.250696 2.88895
thorax -4.02319 0.274307 -0.423078
lowerneck -15.2333 -12.0866 -6.57106
upperneck 11.7444 -17.211 14.2689
head 8.00162 -7.37964 3.55465
rclavicle 4.92986e-014 -5.48646e-014
rhumerus -5.31427 -2.90821 -64.8675
rradius 80.8493
rwrist -181.363
rhand -25.3613 -7.56429
rfingers 7.12502
rthumb 1.16262 -37.5409
lclavicle 4.92986e-014 -5.48646e-014
lhumerus -38.2006 -21.2569 82.7713
lradius 88.476
lwrist 15.3668
lhand -10.7139 27.2358
lfingers 7.12502
lthumb 15.2961 56.6502
rfemur -72.0092 -12.7966 11.2161
rtibia 51.2771
rfoot -12.5158 13.1901
rtoes -14.881
lfemur -69.3868 22.3129 -49.7213
ltibia 53.0783
lfoot -19.4392 -13.8325
ltoes -7.55037
141
root -0.252832 16.8864 -0.697 239.684 110.933 205.066
lowerback 20.3501 -1.08264 5.99661
upperback 6.63954 0.306629 2.99719
thorax -4.16265 0.299916 -0.282155
lowerneck -15.4005 -12.0251 -6.56594
upperneck 11.7217 -17.0687 13.9649
head 7.97442 -7.33316 3.47148
rclavicle 2.8625e-014 4.6118e-014
rhumerus -4.5545 -2.92651 -64.6193
rradius 80.559
rwrist -181.674
rhand -25.5926 -7.65733
rfingers 7.12502
rthumb 0.93919 -37.635
lclavicle 2.8625e-014 4.6118e-014
lhumerus -37.9647 -21.2197 82.7239
lradius 88.9733
lwrist 15.0747
lhand -10.9349 26.9511
lfingers 7.12502
lthumb 15.0832 56.3816
rfemur -72.8084 -12.9127 11.4108
rtibia 52.133
rfoot -12.7437 13.5747
rtoes -14.2813
lfemur -70.2316 22.503 -50.0301
ltibia 54.0447
lfoot -19.7333 -14.0244
ltoes -7.38709
142
root -0.261076 16.832 -0.693104 239.552 110.993 204.819
lowerback 20.8256 -1.08732 5.97008
upperback 6.63864 0.351235 3.11812
thorax -4.40811 0.317734 -0.146403
lowerneck -15.634 -11.9472 -6.48774
upperneck 11.7937 -16.9214 13.6197
head 7.97949 -7.27635 3.36114
rclavicle -1.43125e-014 -1.09729e-013
rhumerus -3.87393 -2.88232 -64.3963
rradius 80.2961
rwrist -181.774
rhand -25.485 -7.93779
rfingers 7.12502
rthumb 1.04311 -37.915
lclavicle -1.43125e-014 -1.09729e-013
lhumerus -37.7262 -21.1571 82.677
lradius 89.4169
lwrist 14.9142
lhand -11.4306 26.7752
lfingers 7.12502
lthumb 14.6057 56.2409
rfemur -73.5342 -13.0133 11.6368
rtibia 52.9895
rfoot -12.9689 13.9055
rtoes -13.1872
lfemur -71.0125 22.6151 -50.1676
ltibia 55.0225
lfoot -19.897 -14.1984
ltoes -6.86135
143
root -0.269953 16.7724 -0.688181 239.399 111.019 204.5
lowerback 21.2631 -1.0786 6.0246
upperback 6.60132 0.424012 3.21238
thorax -4.67068 0.347538 -0.0918326
lowerneck -15.7326 -11.9068 -6.4664
upperneck 11.7581 -16.8319 13.435
head 7.95404 -7.24745 3.30889
rclavicle -2.22639e-014 3.10104e-014
rhumerus -3.28586 -2.88849 -64.2387
rradius 80.0404
rwrist -181.875
rhand -25.2984 -8.029
rfingers 7.12502
rthumb 1.22335 -38.0052
lclavicle -2.22639e-014 3.10104e-014
lhumerus -37.5162 -21.0113 82.562
lradius 89.896
lwrist 14.5021
lhand -11.4241 26.4819
lfingers 7.12502
lthumb 14.6119 55.9472
rfemur -74.3166 -13.0821 11.911
rtibia 53.8552
rfoot -13.2289 14.1568
rtoes -12.7502
lfemur -71.8802 22.7196 -50.282
ltibia 56.0186
lfoot -20.0809 -14.366
ltoes -6.67164
144
root -0.278149 16.714 -0.683692 239.072 111.197 204.022
lowerback 21.6386 -0.998891 5.88521
upperback 6.63939 0.54192 3.32847
thorax -4.82051 0.403071 0.0835468
lowerneck -15.8853 -11.8772 -6.53227
upperneck 11.6714 -16.7324 13.2534
head 7.92783 -7.21815 3.26974
rclavicle 3.18055e-015 7.4743e-014
rhumerus -2.48404 -2.94689 -64.0216
rradius 79.6881
rwrist -182.099
rhand -25.4574 -7.85226
rfingers 7.12502
rthumb 1.06977 -37.8293
lclavicle 3.18055e-015 7.4743e-014
lhumerus -37.2303 -20.7651 82.4759
lradius 90.425
lwrist 13.895
lhand -11.1043 26.2407
lfingers 7.12502
lthumb 14.9201 55.6833
rfemur -75.1035 -13.0678 12.1211
rtibia 54.7145
rfoot -13.4574 14.4641
rtoes -12.6831
lfemur -72.8098 23.03 -50.6083
ltibia 57.0216
lfoot -20.3516 -14.5623
ltoes -7.04143
145
root -0.284049 16.6552 -0.680934 238.998 111.442 203.744
lowerback 22.0126 -0.85406 5.49524
upperback 6.61509 0.699649 3.56758
thorax -5.04254 0.474415 0.52288
lowerneck -16.1563 -11.8971 -6.73482
upperneck 11.7592 -16.6651 12.9505
head 7.98161 -7.20676 3.19891
rclavicle -4.45278e-014 1.66979e-014
rhumerus -1.75522 -2.87665 -63.526
rradius 79.3957
rwrist -182.39
rhand -25.4372 -7.57462
rfingers 7.12502
rthumb 1.08929 -37.5516
lclavicle -4.45278e-014 1.66979e-014
lhumerus -37.1147 -20.5882 82.7519
lradius 91.0366
lwrist 13.6865
lhand -11.2241 26.2236
lfingers 7.12502
lthumb 14.8046 55.6748
rfemur -75.988 -13.173 12.3185
rtibia 55.5994
rfoot -13.6727 14.8753
rtoes -12.8587
lfemur -73.7994 23.3141 -51.107
ltibia 58.0136
lfoot -20.5104 -14.8872
ltoes -6.79212
146
root -0.288042 16.5932 -0.675546 238.84 111.546 203.401
lowerback 22.5051 -0.721429 5.12141
upperback 6.48178 0.864338 3.90128
thorax -5.44804 0.54504 1.05471
lowerneck -16.1802 -11.9214 -7.03107
upperneck 11.8091 -16.5944 12.7074
head 7.99423 -7.20532 3.17388
rclavicle -1.90833e-014 -2.46493e-014
rhumerus -1.16333 -2.60272 -62.9197
rradius 79.0895
rwrist -182.72
rhand -25.1998 -7.51568
rfingers 7.12502
rthumb 1.31857 -37.4913
lclavicle -1.90833e-014 -2.46493e-014
lhumerus -37.1643 -20.4779 83.1448
lradius 91.5623
lwrist 13.7409
lhand -11.4343 26.0334
lfingers 7.12502
lthumb 14.6021 55.4993
rfemur -76.8243 -13.2747 12.6115
rtibia 56.4918
rfoot -13.823 15.2718
rtoes -12.4468
lfemur -74.7342 23.4819 -51.345
ltibia 59.0475
lfoot -20.6924 -15.0764
ltoes -6.37263
147
root -0.29402 16.5253 -0.66726 238.689 111.709 203.155
lowerback 23.078 -0.615455 4.7428
upperback 6.38627 0.987472 4.12126
thorax -5.85496 0.599094 1.47803
lowerneck -16.0981 -11.9109 -7.20645
upperneck 11.6717 -16.5064 12.5773
head 7.92677 -7.19383 3.17759
rclavicle -1.90833e-014 1.59028e-015
rhumerus -0.563937 -2.38698 -62.5228
rradius 78.785
rwrist -182.992
rhand -25.062 -7.56558
rfingers 7.12502
rthumb 1.45173 -37.5404
lclavicle -1.90833e-014 1.59028e-015
lhumerus -37.1275 -20.3441 83.3202
lradius 92.0567
lwrist 13.7287
lhand -11.7768 25.6421
lfingers 7.12502
lthumb 14.2721 55.1317
rfemur -77.5934 -13.3343 12.7988
rtibia 57.4069
rfoot -13.9928 15.6273
rtoes -12.0361
lfemur -75.5482 23.6228 -51.5242
ltibia 60.1068
lfoot -20.9159 -15.2206
ltoes -5.81262
148
root -0.295432 16.4612 -0.6606 238.302 111.904 202.606
lowerback 23.1839 -0.614736 4.81488
upperback 6.56972 0.999361 4.00725
thorax -5.70424 0.610549 1.30907
lowerneck -16.284 -11.852 -7.06526
upperneck 11.3929 -16.4384 12.6695
head 7.85741 -7.15391 3.1915
rclavicle -4.77083e-015 -6.36111e-014
rhumerus 0.402618 -2.61383 -62.7254
rradius 78.3849
rwrist -183.304
rhand -25.0775 -7.71136
rfingers 7.12502
rthumb 1.43673 -37.6863
lclavicle -4.77083e-015 -6.36111e-014
lhumerus -36.6787 -20.1744 82.8261
lradius 92.7822
lwrist 13.88
lhand -11.8187 25.7183
lfingers 7.12502
lthumb 14.2317 55.2107
rfemur -78.3964 -13.2687 13.0295
rtibia 58.3097
rfoot -14.249 15.9244
rtoes -12.0575
lfemur -76.4833 23.8656 -51.7579
ltibia 61.1781
lfoot -21.1798 -15.2916
ltoes -5.67819
149
root -0.295868 16.4007 -0.653861 237.824 112.078 201.935
lowerback 22.996 -0.71604 5.25857
upperback 6.88358 0.914233 3.64344
thorax -5.25091 0.582819 0.683811
lowerneck -16.5377 -11.7489 -6.69288
upperneck 11.0995 -16.3746 12.858
head 7.78654 -7.09566 3.19867
rclavicle 4.77083e-015 -1.35174e-014
rhumerus 1.47097 -3.08398 -63.3284
rradius 77.971
rwrist -183.616
rhand -25.361 -7.53082
rfingers 7.12502
rthumb 1.16288 -37.5074
lclavicle 4.77083e-015 -1.35174e-014
lhumerus -36.0343 -20.1368 81.8526
lradius 93.5572
lwrist 13.9538
lhand -11.7557 26.3478
lfingers 7.12502
lthumb 14.2924 55.836
rfemur -79.2016 -13.1573 13.3122
rtibia 59.2017
rfoot -14.495 16.1946
rtoes -12.0639
lfemur -77.4734 24.1152 -51.9581
ltibia 62.265
lfoot -21.4571 -15.2894
ltoes -5.75182
150
root -0.304608 16.3326 -0.646124 238.026 112.149 202.03
lowerback 23.157 -0.82368 5.45314
upperback 6.99201 0.81647 3.44124
thorax -5.20912 0.54051 0.380488
lowerneck -16.7311 -11.698 -6.49406
upperneck 11.0214 -16.35 12.939
head 7.78354 -7.06455 3.19096
rclavicle -6.36111e-015 8.11041e-014
rhumerus 2.3165 -3.34775 -63.5825
rradius 77.5733
rwrist -183.977
rhand -25.5054 -7.08915
rfingers 7.12502
rthumb 1.02347 -37.0664
lclavicle -6.36111e-015 8.11041e-014
lhumerus -35.6687 -20.2353 81.2796
lradius 94.2048
lwrist 13.847
lhand -11.9875 26.4482
lfingers 7.12502
lthumb 14.0691 55.952
rfemur -80.0038 -13.3233 13.4754
rtibia 60.1248
rfoot -14.6264 16.4953
rtoes -11.5205
lfemur -78.3105 24.0958 -52.1586
ltibia 63.3499
lfoot -21.6201 -15.2925
ltoes -5.62399
151
root -0.312482 16.2608 -0.638593 238.035 112.103 201.949
lowerback 23.6243 -0.854071 5.54856
upperback 6.92104 0.845745 3.46293
thorax -5.52087 0.547917 0.342616
lowerneck -16.7762 -11.7007 -6.45627
upperneck 11.0061 -16.3459 12.8603
head 7.77457 -7.06721 3.1592
rclavicle 4.92986e-014 -7.95139e-015
rhumerus 2.97022 -3.47881 -63.478
rradius 77.0726
rwrist -184.447
rhand -25.4804 -6.84219
rfingers 7.12502
rthumb 1.04756 -36.8194
lclavicle 4.92986e-014 -7.95139e-015
lhumerus -35.5769 -20.4083 81.1882
lradius 94.7407
lwrist 14.2167
lhand -12.7869 26.1452
lfingers 7.12502
lthumb 13.2986 55.7009
rfemur -80.7458 -13.4693 13.7727
rtibia 61.0423
rfoot -14.7004 16.7927
rtoes -10.8911
lfemur -79.1366 24.0646 -52.1848
ltibia 64.472
lfoot -21.7724 -15.2298
ltoes -5.40596
152
root -0.31584 16.195 -0.631694 237.768 112.147 201.592
lowerback 24.023 -0.793071 5.61655
upperback 6.81992 0.982198 3.52808
thorax -5.82886 0.604496 0.337419
lowerneck -16.4438 -11.7287 -6.56487
upperneck 10.7908 -16.335 12.8003
head 7.64873 -7.09741 3.17652
rclavicle 7.95139e-015 5.56597e-015
rhumerus 3.48238 -3.64326 -63.2661
rradius 76.5112
rwrist -184.927
rhand -25.3645 -6.84288
rfingers 7.12502
rthumb 1.15957 -36.8195
lclavicle 7.95139e-015 5.56597e-015
lhumerus -35.633 -20.5574 81.2968
lradius 95.2783
lwrist 14.5798
lhand -13.5126 25.9068
lfingers 7.12502
lthumb 12.599 55.5068
rfemur -81.4558 -13.5093 14.0695
rtibia 61.9499
rfoot -14.9424 17.1173
rtoes -10.7228
lfemur -80 24.1718 -52.2475
ltibia 65.6077
lfoot -21.8527 -15.1514
ltoes -5.346
153
root -0.319383 16.1333 -0.622637 237.582 112.214 201.293
lowerback 24.334 -0.750911 5.59962
upperback 6.76253 1.06604 3.58386
thorax -6.0479 0.638981 0.384109
lowerneck -16.1886 -11.7251 -6.69711
upperneck 10.5752 -16.282 12.7804
head 7.53816 -7.10134 3.2129
rclavicle -2.54444e-014 -1.59028e-014
rhumerus 4.07013 -3.78055 -63.1754
rradius 76.008
rwrist -185.351
rhand -25.2381 -6.84831
rfingers 7.12502
rthumb 1.28156 -36.8242
lclavicle -2.54444e-014 -1.59028e-014
lhumerus -35.5736 -20.3664 81.1989
lradius 95.7876
lwrist 14.0456
lhand -12.7587 25.9079
lfingers 7.12502
lthumb 13.3257 55.4618
rfemur -82.1593 -13.531 14.3154
rtibia 62.8164
rfoot -15.185 17.3674
rtoes -10.5543
lfemur -80.9052 24.2827 -52.3469
ltibia 66.7514
lfoot -21.8352 -15.163
ltoes -5.67148
154
root -0.328965 16.0668 -0.610725 237.882 112.275 201.358
lowerback 24.493 -0.748899 5.43956
upperback 6.78676 1.04689 3.60273
thorax -6.10584 0.630654 0.500995
lowerneck -16.4994 -11.7256 -6.6995
upperneck 10.6055 -16.2789 12.7931
head 7.60186 -7.08488 3.20223
rclavicle 0 -2.3059e-014
rhumerus 4.94795 -3.99557 -63.2284
rradius 75.4907
rwrist -185.794
rhand -25.2605 -6.86986
rfingers 7.12502
rthumb 1.25996 -36.8459
lclavicle 0 -2.3059e-014
lhumerus -35.2274 -19.9833 80.8289
lradius 96.2685
lwrist 13.3964
lhand -12.1091 25.6908
lfingers 7.12502
lthumb 13.9519 55.2027
rfemur -83.045 -13.6534 14.5238
rtibia 63.6435
rfoot -15.4029 17.5678
rtoes -10.6519
lfemur -81.9696 24.2863 -52.6595
ltibia 67.8861
lfoot -21.6618 -15.2334
ltoes -5.97165
155
root -0.338077 16.0026 -0.599696 238.162 112.238 201.353
lowerback 24.3833 -0.845323 5.49954
upperback 6.972 0.921905 3.5383
thorax -5.84738 0.581377 0.431849
lowerneck -16.9808 -11.6854 -6.50283
upperneck 10.5001 -16.2488 12.8244
head 7.63307 -7.04572 3.16665
rclavicle -6.99722e-014 -5.00937e-014
rhumerus 6.0473 -4.21957 -63.473
rradius 75.0083
rwrist -186.318
rhand -25.2748 -6.76107
rfingers 7.12502
rthumb 1.24614 -36.7372
lclavicle -6.99722e-014 -5.00937e-014
lhumerus -34.6754 -19.8254 80.3669
lradius 96.7358
lwrist 13.607
lhand -13.2269 25.5063
lfingers 7.12502
lthumb 12.8745 55.0892
rfemur -83.9361 -13.8099 14.8439
rtibia 64.4486
rfoot -15.5323 17.8708
rtoes -10.28
lfemur -83.1096 24.251 -52.9137
ltibia 69.0514
lfoot -21.4797 -15.2391
ltoes -6.45084
156
root -0.327861 15.957 -0.59181 237.152 112.306 200.393
lowerback 24.3628 -0.98252 6.05428
upperback 7.3709 0.838468 3.1726
thorax -5.38249 0.563432 -0.2584
lowerneck -17.2548 -11.6016 -6.09914
upperneck 10.2174 -16.2352 13.1007
head 7.5814 -7.00234 3.18818
rclavicle -3.02153e-014 -3.49861e-014
rhumerus 7.09927 -4.65503 -64.1239
rradius 74.5193
rwrist -186.749
rhand -25.2326 -6.63755
rfingers 7.12502
rthumb 1.28692 -36.6134
lclavicle -3.02153e-014 -3.49861e-014
lhumerus -34.0436 -19.9449 79.5074
lradius 97.2619
lwrist 14.1106
lhand -13.7398 25.5626
lfingers 7.12502
lthumb 12.38 55.1761
rfemur -84.2787 -13.6683 15.256
rtibia 65.1855
rfoot -15.7433 18.2603
rtoes -9.95257
lfemur -83.87 24.696 -52.8178
ltibia 70.2027
lfoot -21.3301 -15.3753
ltoes -5.91474
157
root -0.334272 15.8793 -0.581428 237.418 112.333 200.349
lowerback 24.336 -0.997576 6.10216
upperback 7.38946 0.820889 3.10576
thorax -5.34719 0.556053 -0.353313
lowerneck -17.3883 -11.6033 -6.08738
upperneck 10.1548 -16.2537 13.2407
head 7.59869 -6.99637 3.2223
rclavicle 0 -1.17681e-013
rhumerus 7.87735 -4.94617 -64.2733
rradius 73.9539
rwrist -187.167
rhand -25.1353 -6.23914
rfingers 7.12502
rthumb 1.3809 -36.2144
lclavicle 0 -1.17681e-013
lhumerus -33.755 -19.9244 79.1902
lradius 97.7147
lwrist 14.1946
lhand -13.5602 25.5817
lfingers 7.12502
lthumb 12.5531 55.1846
rfemur -85.2668 -13.7868 15.5262
rtibia 66.046
rfoot -15.8994 18.4949
rtoes -9.94233
lfemur -85.0478 24.5708 -52.9792
ltibia 71.4292
lfoot -21.0019 -15.5509
ltoes -4.89346
158
root -0.32473 15.8042 -0.571592 236.927 112.492 199.805
lowerback 24.5213 -0.931974 6.08325
upperback 7.50688 0.912813 3.0792
thorax -5.30602 0.604941 -0.397669
lowerneck -17.5244 -11.6197 -6.14311
upperneck 10.0509 -16.2706 13.3738
head 7.6074 -6.995 3.26479
rclavicle -6.36111e-015 8.42847e-014
rhumerus 8.67112 -5.21294 -64.301
rradius 73.3806
rwrist -187.497
rhand -24.9179 -5.81462
rfingers 7.12502
rthumb 1.59085 -35.7884
lclavicle -6.36111e-015 8.42847e-014
lhumerus -33.4317 -19.8287 78.9846
lradius 98.0826
lwrist 14.1306
lhand -14.1706 25.3962
lfingers 7.12502
lthumb 11.9646 55.0342
rfemur -85.9158 -13.7544 15.8006
rtibia 66.9074
rfoot -16.0198 18.959
rtoes -9.08925
lfemur -85.9777 24.862 -53.0793
ltibia 72.6712
lfoot -20.8668 -15.6995
ltoes -4.0427
159
root -0.313301 15.7396 -0.563254 236.28 112.632 199.214
lowerback 24.8776 -0.887726 6.08444
upperback 7.60155 0.999464 3.05284
thorax -5.37427 0.648705 -0.452671
lowerneck -17.6258 -11.6097 -6.06912
upperneck 9.98105 -16.2577 13.3363
head 7.59044 -6.98899 3.24044
rclavicle -1.43125e-014 -7.95139e-015
rhumerus 9.45773 -5.38881 -64.3254
rradius 72.7392
rwrist -187.782
rhand -24.6721 -5.5487
rfingers 7.12502
rthumb 1.82822 -35.5206
lclavicle -1.43125e-014 -7.95139e-015
lhumerus -33.2152 -19.7534 78.7987
lradius 98.4516
lwrist 13.8909
lhand -14.7878 25.328
lfingers 7.12502
lthumb 11.3695 54.9998
rfemur -86.4151 -13.7358 16.1189
rtibia 67.7853
rfoot -16.181 19.4405
rtoes -7.80349
lfemur -86.7583 25.2639 -53.1653
ltibia 73.8848
lfoot -20.8332 -15.769
ltoes -4.17069
160
root -0.308258 15.6783 -0.553459 235.778 112.631 198.728
lowerback 25.2503 -0.876916 6.1642
upperback 7.63751 1.06805 3.05319
thorax -5.51418 0.680431 -0.518765
lowerneck -17.6761 -11.604 -5.95362
upperneck 9.94435 -16.257 13.2483
head 7.56839 -6.9921 3.19419
rclavicle 2.38542e-014 4.92986e-014
rhumerus 10.2059 -5.60064 -64.3567
rradius 72.1081
rwrist -187.936
rhand -24.5409 -5.4704
rfingers 7.12502
rthumb 1.95499 -35.4412
lclavicle 2.38542e-014 4.92986e-014
lhumerus -33.0803 -19.6623 78.6225
lradius 98.8347
lwrist 13.5655
lhand -14.8624 25.4757
lfingers 7.12502
lthumb 11.2974 55.1515
rfemur -86.9352 -13.7739 16.5288
rtibia 68.649
rfoot -16.3229 19.7278
rtoes -7.41238
lfemur -87.6021 25.5625 -53.1658
ltibia 75.1249
lfoot -20.8658 -15.7162
ltoes -5.5712
161
root -0.307289 15.6115 -0.541599 235.772 112.692 198.629
lowerback 25.4538 -0.883173 6.09565
upperback 7.64727 1.05976 3.0201
thorax -5.60555 0.675005 -0.514592
lowerneck -17.6697 -11.5595 -5.86879
upperneck 9.78875 -16.195 13.2264
head 7.50128 -6.9701 3.1871
rclavicle 4.13472e-014 -1.19271e-014
rhumerus 11.0162 -5.81012 -64.4976
rradius 71.4808
rwrist -187.96
rhand -24.4683 -5.35501
rfingers 7.12502
rthumb 2.02513 -35.3251
lclavicle 4.13472e-014 -1.19271e-014
lhumerus -32.934 -19.3767 78.3308
lradius 99.1932
lwrist 13.012
lhand -14.2675 25.6587
lfingers 7.12502
lthumb 11.8711 55.3022
rfemur -87.6862 -13.9073 16.8427
rtibia 69.5574
rfoot -16.5326 19.9648
rtoes -7.82084
lfemur -88.5572 25.7254 -53.3572
ltibia 76.3687
lfoot -21.005 -15.6533
ltoes -7.08129
162
root -0.306693 15.5407 -0.53109 235.612 112.662 198.353
lowerback 25.7227 -0.848812 5.97183
upperback 7.60551 1.11499 3.18613
thorax -5.78919 0.695993 -0.280042
lowerneck -17.7913 -11.5476 -6.00806
upperneck 9.82536 -16.1236 13.0783
head 7.52243 -6.94749 3.16582
rclavicle 3.33958e-014 9.46215e-014
rhumerus 11.7647 -5.88383 -64.3613
rradius 70.8966
rwrist -188
rhand -24.4162 -5.42606
rfingers 7.12502
rthumb 2.07543 -35.3957
lclavicle 3.33958e-014 9.46215e-014
lhumerus -32.8926 -18.9598 78.2969
lradius 99.4835
lwrist 12.3276
lhand -13.5717 25.4943
lfingers 7.12502
lthumb 12.542 55.0979
rfemur -88.4679 -14.0303 17.3099
rtibia 70.4806
rfoot -16.6231 20.2772
rtoes -7.33569
lfemur -89.4867 25.8508 -53.3756
ltibia 77.5707
lfoot -21.0404 -15.72
ltoes -7.23116
163
root -0.303997 15.4728 -0.522412 235.443 112.636 198.176
lowerback 25.9832 -0.866104 6.05448
upperback 7.65176 1.13811 3.17575
thorax -5.86299 0.707778 -0.346273
lowerneck -17.9263 -11.5694 -5.96699
upperneck 9.80164 -16.1544 13.0598
head 7.53499 -6.95811 3.14335
rclavicle -4.45278e-014 1.59028e-015
rhumerus 12.5336 -6.15093 -64.4313
rradius 70.3236
rwrist -187.945
rhand -24.4071 -5.43599
rfingers 7.12502
rthumb 2.08423 -35.4056
lclavicle -4.45278e-014 1.59028e-015
lhumerus -32.6636 -18.7828 78.0275
lradius 99.7582
lwrist 11.9354
lhand -13.3756 25.4551
lfingers 7.12502
lthumb 12.7311 55.047
rfemur -89.115 -14.1688 17.701
rtibia 71.4137
rfoot -16.5426 20.5736
rtoes -6.27925
lfemur -90.211 26.0084 -53.3206
ltibia 78.6903
lfoot -20.8799 -16.055
ltoes -5.751
164
root -0.30003 15.4031 -0.512773 235.483 112.594 198.242
lowerback 26.2346 -0.880296 6.1171
upperback 7.66544 1.16036 3.16639
thorax -5.96872 0.717378 -0.399956
lowerneck -17.9873 -11.6119 -5.91803
upperneck 9.80386 -16.2136 13.0044
head 7.54187 -6.98706 3.10671
rclavicle -2.70347e-014 -3.33958e-014
rhumerus 13.2258 -6.51271 -64.5108
rradius 69.7177
rwrist -187.904
rhand -24.4156 -5.48406
rfingers 7.12502
rthumb 2.07599 -35.4537
lclavicle -2.70347e-014 -3.33958e-014
lhumerus -32.4701 -18.7966 77.879
lradius 99.9876
lwrist 11.7255
lhand -13.1087 25.7822
lfingers 7.12502
lthumb 12.9884 55.3579
rfemur -89.7788 -14.4105 18.0539
rtibia 72.3905
rfoot -16.4567 20.8897
rtoes -5.29289
lfemur -90.8798 26.1231 -53.3119
ltibia 79.7698
lfoot -20.7024 -16.4007
ltoes -4.74118
165
root -0.296872 15.3265 -0.500019 235.509 112.639 198.287
lowerback 26.3552 -0.877777 6.1778
upperback 7.69219 1.18018 3.06602
thorax -5.99314 0.727387 -0.551311
lowerneck -17.8554 -11.6313 -5.86112
upperneck 9.74927 -16.251 13.0079
head 7.5013 -7.01134 3.10052
rclavicle -4.77083e-014 1.90833e-014
rhumerus 13.8472 -6.96046 -64.6991
rradius 69.068
rwrist -187.9
rhand -24.3576 -5.49777
rfingers 7.12502
rthumb 2.13198 -35.4669
lclavicle -4.77083e-014 1.90833e-014
lhumerus -32.3254 -18.93 77.6212
lradius 100.13
lwrist 11.7508
lhand -13.1386 25.7926
lfingers 7.12502
lthumb 12.9596 55.3702
rfemur -90.4791 -14.5635 18.2786
rtibia 73.4162
rfoot -16.3751 21.2846
rtoes -4.21201
lfemur -91.573 26.25 -53.3934
ltibia 80.8316
lfoot -20.5829 -16.5524
ltoes -4.54407
166
root -0.294552 15.2504 -0.490366 235.555 112.668 198.335
lowerback 26.5694 -0.880008 6.2206
upperback 7.74013 1.20241 2.99789
thorax -6.0408 0.73921 -0.658492
lowerneck -17.9557 -11.6952 -5.8297
upperneck 9.65988 -16.3434 13.0687
head 7.50122 -7.04996 3.09729
rclavicle 9.54166e-015 -4.37326e-014
rhumerus 14.5713 -7.38934 -64.8106
rradius 68.4562
rwrist -187.922
rhand -24.3114 -5.30816
rfingers 7.12502
rthumb 2.17662 -35.2768
lclavicle 9.54166e-015 -4.37326e-014
lhumerus -32.0325 -18.9578 77.3525
lradius 100.159
lwrist 11.5077
lhand -13.4321 25.3856
lfingers 7.12502
lthumb 12.6767 54.9808
rfemur -91.1892 -14.7137 18.4873
rtibia 74.4548
rfoot -16.4494 21.5585
rtoes -3.55147
lfemur -92.2634 26.2956 -53.4417
ltibia 81.916
lfoot -20.6799 -16.4756
ltoes -5.08265
167
root -0.2916 15.171 -0.48101 235.533 112.733 198.297
lowerback 26.6988 -0.854323 6.22845
upperback 7.80521 1.24169 2.92786
thorax -6.02752 0.760813 -0.752721
lowerneck -17.985 -11.74 -5.82178
upperneck 9.50311 -16.408 13.1913
head 7.47296 -7.07741 3.12541
rclavicle -1.74931e-014 4.69132e-014
rhumerus 15.3295 -7.81087 -64.8962
rradius 67.8382
rwrist -188.085
rhand -24.2904 -5.11706
rfingers 7.12502
rthumb 2.19692 -35.0855
lclavicle -1.74931e-014 4.69132e-014
lhumerus -31.7753 -18.9838 77.0973
lradius 100.26
lwrist 11.4356
lhand -13.8552 25.3362
lfingers 7.12502
lthumb 12.2687 54.9564
rfemur -91.9321 -14.8032 18.686
rtibia 75.5055
rfoot -16.5641 21.725
rtoes -3.26072
lfemur -93.0426 26.4202 -53.6058
ltibia 83.0092
lfoot -20.765 -16.4043
ltoes -5.65245
168
root -0.288579 15.0897 -0.469941 235.342 112.74 198.08
lowerback 26.8143 -0.822585 6.34489
upperback 7.87325 1.31447 2.85401
thorax -5.99863 0.798663 -0.923152
lowerneck -18.0477 -11.7628 -5.64696
upperneck 9.37376 -16.453 13.1236
head 7.42406 -7.10308 3.07109
rclavicle 3.33958e-014 -8.50798e-014
rhumerus 16.0694 -8.35903 -65.0833
rradius 67.2029
rwrist -188.156
rhand -24.2644 -5.07374
rfingers 7.12502
rthumb 2.222 -35.0419
lclavicle 3.33958e-014 -8.50798e-014
lhumerus -31.5337 -19.0527 76.8048
lradius 100.429
lwrist 11.4383
lhand -14.3324 25.3686
lfingers 7.12502
lthumb 11.8085 55.0157
rfemur -92.6591 -14.8287 18.9603
rtibia 76.5516
rfoot -16.7755 21.833
rtoes -3.19
lfemur -93.8951 26.6099 -53.7125
ltibia 84.1125
lfoot -20.7621 -16.436
ltoes -5.84232
169
root -0.285678 15.0136 -0.457522 235.103 112.73 197.873
lowerback 27.0647 -0.78701 6.41437
upperback 7.98894 1.39815 2.81877
thorax -5.98356 0.843971 -1.02901
lowerneck -18.3299 -11.8146 -5.40568
upperneck 9.25818 -16.5386 12.9786
head 7.4061 -7.14264 2.96657
rclavicle -5.08889e-014 -7.95139e-014
rhumerus 16.8899 -8.91323 -65.2377
rradius 66.634
rwrist -188.123
rhand -24.1148 -5.00033
rfingers 7.12502
rthumb 2.3665 -34.967
lclavicle -5.08889e-014 -7.95139e-014
lhumerus -31.1382 -18.9033 76.4642
lradius 100.542
lwrist 10.9076
lhand -14.5196 25.1203
lfingers 7.12502
lthumb 11.628 54.7776
rfemur -93.2512 -14.8181 19.201
rtibia 77.5411
rfoot -17.031 21.8525
rtoes -3.09209
lfemur -94.6384 26.8294 -53.7783
ltibia 85.1538
lfoot -20.7224 -16.4406
ltoes -7.10173
170
root -0.283759 14.9377 -0.446172 234.897 112.708 197.711
lowerback 27.3992 -0.733098 6.43939
upperback 7.99165 1.51045 2.86808
thorax -6.13724 0.893831 -1.0274
lowerneck -18.3629 -11.8953 -5.48402
upperneck 9.18565 -16.6254 13.0066
head 7.40489 -7.18757 2.97263
rclavicle -2.54444e-014 1.35174e-014
rhumerus 17.5207 -9.32456 -65.1595
rradius 66.121
rwrist -188.168
rhand -23.9153 -4.74253
rfingers 7.12502
rthumb 2.55917 -34.7069
lclavicle -2.54444e-014 1.35174e-014
lhumerus -30.9973 -18.8411 76.4059
lradius 100.626
lwrist 10.5613
lhand -15.2181 24.9936
lfingers 7.12502
lthumb 10.9544 54.6878
rfemur -93.865 -14.8401 19.4833
rtibia 78.5079
rfoot -17.0753 21.9187
rtoes -2.17054
lfemur -95.3611 27.0459 -53.9165
ltibia 86.1463
lfoot -20.7859 -16.3409
ltoes -9.67072
171
root -0.280722 14.8617 -0.436379 234.821 112.668 197.686
lowerback 27.7261 -0.703968 6.41088
upperback 7.95142 1.58426 2.97902
thorax -6.34126 0.922616 -0.915891
lowerneck -18.332 -11.9749 -5.73956
upperneck 9.17982 -16.6796 13.0457
head 7.42763 -7.22136 3.01438
rclavicle -5.725e-014 -6.83819e-014
rhumerus 18.207 -9.63468 -65.0098
rradius 65.5106
rwrist -188.173
rhand -23.8277 -4.527
rfingers 7.12502
rthumb 2.6438 -34.4904
lclavicle -5.725e-014 -6.83819e-014
lhumerus -31.0645 -18.8282 76.5676
lradius 100.735
lwrist 10.5765
lhand -15.7812 25.4136
lfingers 7.12502
lthumb 10.4112 55.1358
rfemur -94.5043 -14.9273 19.8314
rtibia 79.4821
rfoot -17.2635 21.7663
rtoes -1.75071
lfemur -96.0253 27.1844 -54.0146
ltibia 87.1257
lfoot -20.6642 -16.3886
ltoes -10.6025
172
root -0.277771 14.7937 -0.429737 234.588 112.649 197.495
lowerback 28.1141 -0.683266 6.48553
upperback 7.90741 1.67145 3.00233
thorax -6.57164 0.956369 -0.965277
lowerneck -18.3568 -12.0194 -5.72747
upperneck 9.1397 -16.7209 12.9409
head 7.4101 -7.2513 2.97304
rclavicle 3.18055e-014 7.39479e-014
rhumerus 18.8573 -9.97588 -64.9527
rradius 64.8957
rwrist -188.278
rhand -23.6104 -4.57547
rfingers 7.12502
rthumb 2.85362 -34.5361
lclavicle 3.18055e-014 7.39479e-014
lhumerus -31.0702 -18.6914 76.4866
lradius 100.827
lwrist 10.0734
lhand -15.3961 25.525
lfingers 7.12502
lthumb 10.7827 55.2282
rfemur -95.093 -14.9492 20.2091
rtibia 80.4369
rfoot -17.3754 21.5845
rtoes -1.5458
lfemur -96.7349 27.3622 -54.0257
ltibia 88.117
lfoot -20.3998 -16.5561
ltoes -9.90056
173
root -0.276327 14.7296 -0.424761 234.227 112.665 197.189
lowerback 28.4429 -0.668974 6.57399
upperback 7.95226 1.74377 2.98202
thorax -6.6716 0.989659 -1.06546
lowerneck -18.4119 -12.034 -5.62068
upperneck 9.00832 -16.739 12.8715
head 7.36161 -7.26736 2.93315
rclavicle 3.81667e-014 3.02153e-014
rhumerus 19.6349 -10.3451 -65.0133
rradius 64.257
rwrist -188.427
rhand -23.3532 -4.72545
rfingers 7.12502
rthumb 3.10204 -34.6826
lclavicle 3.81667e-014 3.02153e-014
lhumerus -30.8594 -18.3862 76.145
lradius 100.868
lwrist 9.19847
lhand -14.5865 25.4287
lfingers 7.12502
lthumb 11.5635 55.0897
rfemur -95.6778 -14.9349 20.6163
rtibia 81.3914
rfoot -17.4895 21.3917
rtoes -1.5518
lfemur -97.4317 27.5829 -53.9357
ltibia 89.1274
lfoot -20.1632 -16.7895
ltoes -8.32945
174
root -0.276914 14.6589 -0.418623 234.021 112.687 197.056
lowerback 28.7811 -0.668881 6.59429
upperback 8.00214 1.78194 2.96508
thorax -6.77438 1.00747 -1.11252
lowerneck -18.4946 -12.05 -5.58013
upperneck 8.892 -16.7594 12.8953
head 7.33818 -7.27672 2.92972
rclavicle 3.49861e-014 -6.36111e-015
rhumerus 20.4547 -10.7394 -65.1343
rradius 63.6141
rwrist -188.475
rhand -23.2287 -4.66359
rfingers 7.12502
rthumb 3.22221 -34.619
lclavicle 3.49861e-014 -6.36111e-015
lhumerus -30.6874 -18.0461 75.8542
lradius 100.937
lwrist 8.44036
lhand -14.108 25.4679
lfingers 7.12502
lthumb 12.025 55.1025
rfemur -96.3184 -14.9831 20.9471
rtibia 82.3888
rfoot -17.4933 21.3672
rtoes -1.26011
lfemur -98.0652 27.7681 -53.9494
ltibia 90.0862
lfoot -20.0909 -16.8734
ltoes -8.59153
175
root -0.277703 14.58 -0.408834 233.99 112.74 197.058
lowerback 29.0475 -0.635247 6.53842
upperback 7.98695 1.83356 2.95221
thorax -6.9179 1.02769 -1.11599
lowerneck -18.4336 -12.0765 -5.51029
upperneck 8.75826 -16.7824 12.7953
head 7.26996 -7.30433 2.89061
rclavicle -4.77083e-015 2.14687e-014
rhumerus 21.1164 -11.1307 -65.1804
rradius 63.0779
rwrist -188.44
rhand -23.1904 -4.5847
rfingers 7.12502
rthumb 3.25919 -34.5395
lclavicle -4.77083e-015 2.14687e-014
lhumerus -30.6808 -17.7894 75.663
lradius 101.035
lwrist 7.87041
lhand -14.1809 25.3225
lfingers 7.12502
lthumb 11.9547 54.9611
rfemur -97.0543 -15.0277 21.1598
rtibia 83.4351
rfoot -17.5922 21.2357
rtoes -1.71983
lfemur -98.6298 27.919 -53.9932
ltibia 90.974
lfoot -19.7597 -17.191
ltoes -8.26705
176
root -0.278869 14.5033 -0.39793 234.056 112.761 197.131
lowerback 29.242 -0.601691 6.50879
upperback 7.97065 1.88554 2.94338
thorax -7.02726 1.04878 -1.12932
lowerneck -18.3171 -12.143 -5.63134
upperneck 8.61989 -16.8571 12.9586
head 7.23969 -7.3431 2.95479
rclavicle 2.54444e-014 1.59028e-015
rhumerus 21.776 -11.5255 -65.1616
rradius 62.4875
rwrist -188.444
rhand -23.1265 -4.57174
rfingers 7.12502
rthumb 3.32096 -34.5256
lclavicle 2.54444e-014 1.59028e-015
lhumerus -30.621 -17.6176 75.4536
lradius 101.025
lwrist 7.31197
lhand -14.1866 25.2459
lfingers 7.12502
lthumb 11.9492 54.8849
rfemur -97.7851 -15.1039 21.2873
rtibia 84.4637
rfoot -17.5869 21.1881
rtoes -1.09237
lfemur -99.2035 28.0247 -53.976
ltibia 91.8506
lfoot -19.1971 -17.5343
ltoes -6.58994
177
root -0.279172 14.4364 -0.387402 234.131 112.746 197.287
lowerback 29.4963 -0.593478 6.55468
upperback 7.97914 1.93376 2.9324
thorax -7.13404 1.06923 -1.18781
lowerneck -18.179 -12.2241 -5.81541
upperneck 8.45554 -16.9449 13.1891
head 7.21134 -7.38697 3.0481
rclavicle 9.54166e-015 5.08889e-014
rhumerus 22.5246 -11.9639 -65.1109
rradius 61.7752
rwrist -188.413
rhand -23.1482 -4.66092
rfingers 7.12502
rthumb 3.29994 -34.6151
lclavicle 9.54166e-015 5.08889e-014
lhumerus -30.5425 -17.6101 75.3057
lradius 101.104
lwrist 7.32822
lhand -14.7054 25.3163
lfingers 7.12502
lthumb 11.4489 54.9837
rfemur -98.3602 -15.251 21.4091
rtibia 85.3999
rfoot -17.5714 21.2854
rtoes -1.3036
lfemur -99.787 28.1093 -53.9993
ltibia 92.743
lfoot -18.9657 -17.3662
ltoes -7.17286
178
root -0.279598 14.3719 -0.378128 234.251 112.782 197.51
lowerback 29.7382 -0.569708 6.48168
upperback 7.99571 1.97123 2.96437
thorax -7.23279 1.08598 -1.12687
lowerneck -17.9555 -12.2803 -6.04709
upperneck 8.22475 -16.9638 13.2978
head 7.13195 -7.41724 3.12663
rclavicle -1.90833e-014 6.52014e-014
rhumerus 23.2787 -12.3247 -65.0138
rradius 61.1588
rwrist -188.399
rhand -22.9669 -4.61329
rfingers 7.12502
rthumb 3.47503 -34.5647
lclavicle -1.90833e-014 6.52014e-014
lhumerus -30.5444 -17.4659 75.3037
lradius 101.166
lwrist 7.27782
lhand -15.4048 25.1844
lfingers 7.12502
lthumb 10.7743 54.8881
rfemur -98.8972 -15.3847 21.4359
rtibia 86.2444
rfoot -17.6583 21.4943
rtoes -3.02173
lfemur -100.435 28.226 -54.0961
ltibia 93.6851
lfoot -18.8993 -17.3129
ltoes -8.05814
179
root -0.28084 14.3024 -0.36949 234.04 112.693 197.383
lowerback 29.9607 -0.589406 6.59093
upperback 8.06756 2.00397 2.98501
thorax -7.25144 1.10394 -1.18021
lowerneck -17.9732 -12.2985 -6.00561
upperneck 8.04209 -16.9667 13.2308
head 7.06493 -7.43232 3.10226
rclavicle 2.70347e-014 -3.18055e-015
rhumerus 24.0619 -12.7471 -65.1129
rradius 60.6298
rwrist -188.376
rhand -22.828 -4.44044
rfingers 7.12502
rthumb 3.60918 -34.3896
lclavicle 2.70347e-014 -3.18055e-015
lhumerus -30.3681 -17.0761 75.0466
lradius 101.189
lwrist 6.59232
lhand -15.1603 24.9696
lfingers 7.12502
lthumb 11.0102 54.6609
rfemur -99.3739 -15.3802 21.5235
rtibia 87.0762
rfoot -17.7828 21.537
rtoes -4.68696
lfemur -101.095 28.3805 -53.9424
ltibia 94.6561
lfoot -18.7347 -17.506
ltoes -8.39411
180
root -0.280181 14.2323 -0.362246 233.847 112.584 197.27
lowerback 30.146 -0.626992 6.81334
upperback 8.1644 2.03829 2.95697
thorax -7.21627 1.12454 -1.35239
lowerneck -18.1287 -12.3305 -5.91754
upperneck 7.94987 -17.0228 13.2749
head 7.0631 -7.45119 3.08885
rclavicle 7.31528e-014 5.00937e-014
rhumerus 24.8766 -13.2698 -65.3013
rradius 60.051
rwrist -188.469
rhand -22.6534 -4.12867
rfingers 7.12502
rthumb 3.77782 -34.0749
lclavicle 7.31528e-014 5.00937e-014
lhumerus -30.1242 -16.9018 74.708
lradius 101.203
lwrist 6.31575
lhand -15.3028 24.8425
lfingers 7.12502
lthumb 10.8727 54.541
rfemur -99.8615 -15.4123 21.5979
rtibia 87.9543
rfoot -17.765 21.6072
rtoes -4.57468
lfemur -101.708 28.5099 -53.8071
ltibia 95.5871
lfoot -18.6795 -17.7384
ltoes -9.23372
181
root -0.279077 14.1587 -0.355525 233.907 112.614 197.395
lowerback 30.3067 -0.602963 6.85481
upperback 8.22085 2.09342 2.92683
thorax -7.22126 1.15269 -1.43112
lowerneck -18.2572 -12.3724 -5.82577
upperneck 7.91699 -17.0749 13.1502
head 7.05697 -7.48029 3.02386
rclavicle -8.74653e-014 -7.87187e-014
rhumerus 25.5785 -13.8053 -65.3471
rradius 59.5175
rwrist -188.368
rhand -22.5428 -4.14346
rfingers 7.12502
rthumb 3.88462 -34.0878
lclavicle -8.74653e-014 -7.87187e-014
lhumerus -29.9701 -16.7936 74.5329
lradius 101.195
lwrist 6.37194
lhand -15.7337 24.743
lfingers 7.12502
lthumb 10.4571 54.4629
rfemur -100.441 -15.4976 21.5597
rtibia 88.8759
rfoot -17.7442 21.747
rtoes -4.52114
lfemur -102.295 28.6276 -53.8894
ltibia 96.4886
lfoot -18.7472 -17.9467
ltoes -10.2147
182
root -0.278436 14.0767 -0.345047 233.897 112.555 197.465
lowerback 30.5523 -0.602524 6.89665
upperback 8.23252 2.1363 2.95583
thorax -7.32051 1.17085 -1.44164
lowerneck -18.2205 -12.3953 -5.77188
upperneck 7.75513 -17.0715 12.9538
head 6.97211 -7.50402 2.96173
rclavicle 1.43125e-014 -3.97569e-014
rhumerus 26.3159 -14.282 -65.351
rradius 58.9236
rwrist -188.105
rhand -22.7037 -4.2124
rfingers 7.12502
rthumb 3.72927 -34.1595
lclavicle 1.43125e-014 -3.97569e-014
lhumerus -29.92 -16.4578 74.3334
lradius 101.222
lwrist 5.89319
lhand -15.5023 24.7598
lfingers 7.12502
lthumb 10.6802 54.4684
rfemur -100.994 -15.5415 21.5844
rtibia 89.8146
rfoot -17.9183 21.7345
rtoes -5.50424
lfemur -102.952 28.7702 -53.9011
ltibia 97.4289
lfoot -18.6855 -17.9883
ltoes -11.1657
183
root -0.278135 13.9975 -0.334082 233.975 112.406 197.61
lowerback 30.7009 -0.645195 7.02542
upperback 8.28444 2.142 2.98021
thorax -7.32616 1.17607 -1.49183
lowerneck -18.2653 -12.4233 -5.71255
upperneck 7.61804 -17.092 12.8551
head 6.92099 -7.52599 2.92081
rclavicle 0 -2.70347e-014
rhumerus 27.2015 -14.8869 -65.5429
rradius 58.1799
rwrist -187.896
rhand -22.9019 -4.36314
rfingers 7.12502
rthumb 3.53788 -34.3135
lclavicle 0 -2.70347e-014
lhumerus -29.8385 -16.1378 74.0914
lradius 101.328
lwrist 5.42141
lhand -15.3974 24.8237
lfingers 7.12502
lthumb 10.7815 54.527
rfemur -101.567 -15.6153 21.633
rtibia 90.7721
rfoot -18.0053 21.664
rtoes -5.95327
lfemur -103.607 28.8581 -53.8492
ltibia 98.3598
lfoot -18.4884 -18.0678
ltoes -11.77
184
root -0.28007 13.9266 -0.323237 234.073 112.329 197.807
lowerback 30.9118 -0.654165 7.04795
upperback 8.32012 2.16593 3.01499
thorax -7.38356 1.18805 -1.47747
lowerneck -18.3412 -12.4523 -5.67835
upperneck 7.59648 -17.1198 12.753
head 6.91478 -7.54498 2.87733
rclavicle 2.06736e-014 9.30312e-014
rhumerus 28.0724 -15.4266 -65.6736
rradius 57.4181
rwrist -187.747
rhand -22.8422 -4.4929
rfingers 7.12502
rthumb 3.59544 -34.4423
lclavicle 2.06736e-014 9.30312e-014
lhumerus -29.8551 -15.9476 74.0167
lradius 101.381
lwrist 5.34671
lhand -16.0762 24.7341
lfingers 7.12502
lthumb 10.1267 54.4704
rfemur -102.126 -15.7819 21.7427
rtibia 91.6894
rfoot -17.8171 21.9002
rtoes -5.46461
lfemur -104.149 28.964 -53.8655
ltibia 99.1945
lfoot -18.3095 -18.2287
ltoes -12.1954
185
root -0.288755 13.8573 -0.311447 234.001 112.284 197.854
lowerback 31.2562 -0.61329 6.98673
upperback 8.29465 2.24713 3.10602
thorax -7.57602 1.2202 -1.37543
lowerneck -18.2058 -12.4947 -5.81483
upperneck 7.50049 -17.137 12.7419
head 6.8732 -7.56929 2.89924
rclavicle 3.18055e-014 5.48646e-014
rhumerus 28.899 -15.871 -65.7022
rradius 56.6664
rwrist -187.524
rhand -22.7296 -4.57046
rfingers 7.12502
rthumb 3.7042 -34.518
lclavicle 3.18055e-014 5.48646e-014
lhumerus -29.987 -15.8224 74.0512
lradius 101.334
lwrist 5.66676
lhand -17.1717 24.5058
lfingers 7.12502
lthumb 9.06965 54.2908
rfemur -102.705 -15.9218 21.9811
rtibia 92.5628
rfoot -17.5537 22.1825
rtoes -4.29591
lfemur -104.712 29.1395 -53.8953
ltibia 99.9758
lfoot -18.1252 -18.3967
ltoes -12.5352
186
root -0.296547 13.7804 -0.300158 234.126 112.312 198.071
lowerback 31.528 -0.556785 6.85732
upperback 8.29076 2.315 3.16762
thorax -7.71252 1.24917 -1.26156
lowerneck -18.1096 -12.5496 -5.97475
upperneck 7.33224 -17.1726 12.8368
head 6.82976 -7.59651 2.95355
rclavicle -4.45278e-014 -1.01778e-013
rhumerus 29.7413 -16.3288 -65.7729
rradius 55.9637
rwrist -187.36
rhand -22.571 -4.61612
rfingers 7.12502
rthumb 3.85733 -34.561
lclavicle -4.45278e-014 -1.01778e-013
lhumerus -29.9874 -15.5714 74.0047
lradius 101.272
lwrist 5.91993
lhand -17.5434 24.4232
lfingers 7.12502
lthumb 8.71093 54.2235
rfemur -103.38 -16.0603 22.1278
rtibia 93.4611
rfoot -17.4227 22.258
rtoes -4.18537
lfemur -105.282 29.2911 -54.0529
ltibia 100.762
lfoot -18.0965 -18.5503
ltoes -13.1875
187
root -0.299974 13.7075 -0.289632 234.238 112.294 198.258
lowerback 31.7251 -0.500494 6.87048
upperback 8.28166 2.41336 3.19563
thorax -7.80963 1.29182 -1.27695
lowerneck -18.0622 -12.633 -5.97805
upperneck 7.21106 -17.2642 12.7767
head 6.78472 -7.65435 2.92683
rclavicle -3.18055e-015 1.51076e-014
rhumerus 30.452 -16.9043 -65.8232
rradius 55.2543
rwrist -187.341
rhand -22.4622 -4.60986
rfingers 7.12502
rthumb 3.96242 -34.5528
lclavicle -3.18055e-015 1.51076e-014
lhumerus -29.9434 -15.3979 73.8807
lradius 101.273
lwrist 6.01064
lhand -17.6539 24.6604
lfingers 7.12502
lthumb 8.60438 54.4651
rfemur -104.024 -16.2153 22.2548
rtibia 94.3576
rfoot -17.2822 22.4021
rtoes -4.54907
lfemur -105.84 29.4289 -54.1223
ltibia 101.541
lfoot -17.9654 -18.7891
ltoes -13.3086
188
root -0.301534 13.6369 -0.281705 234.342 112.263 198.439
lowerback 32.2025 -0.519033 7.00405
upperback 7.83473 2.49082 3.11714
thorax -7.77843 1.31545 -1.34214
lowerneck -17.9567 -12.6978 -5.92791
upperneck 7.06055 -17.3342 12.6672
head 6.709 -7.70815 2.88483
rclavicle 1.90833e-014 4.85035e-014
rhumerus 31.1663 -17.4555 -65.9423
rradius 54.5417
rwrist -187.193
rhand -22.4331 -4.62451
rfingers 7.12502
rthumb 3.99056 -34.5669
lclavicle 1.90833e-014 4.85035e-014
lhumerus -29.999 -15.2278 73.736
lradius 101.341
lwrist 6.15822
lhand -17.8644 24.9177
lfingers 7.12502
lthumb 8.40125 54.7306
rfemur -104.675 -16.4064 22.3874
rtibia 95.2824
rfoot -17.2482 22.5403
rtoes -4.78356
lfemur -106.397 29.5663 -54.2363
ltibia 102.307
lfoot -17.8829 -18.9396
ltoes -13.8767
189
root -0.303438 13.5624 -0.273913 234.345 112.164 198.55
lowerback 32.4356 -0.577057 7.19061
upperback 7.83566 2.49858 3.06033
thorax -7.85456 1.31678 -1.50449
lowerneck -18.0348 -12.7208 -5.82137
upperneck 7.05387 -17.3773 12.602
head 6.70716 -7.7284 2.83998
rclavicle 7.63333e-014 3.02153e-014
rhumerus 31.9934 -18.0567 -66.3378
rradius 53.8773
rwrist -186.716
rhand -22.4164 -4.64306
rfingers 7.12502
rthumb 4.00664 -34.5851
lclavicle 7.63333e-014 3.02153e-014
lhumerus -30.0115 -15.0041 73.433
lradius 101.429
lwrist 6.30351
lhand -18.055 25.0927
lfingers 7.12502
lthumb 8.21721 54.9129
rfemur -105.253 -16.5864 22.5947
rtibia 96.1787
rfoot -17.3323 22.5431
rtoes -4.79592
lfemur -106.951 29.7265 -54.2817
ltibia 103.095
lfoot -17.8884 -19.079
ltoes -14.4993
190
root -0.304734 13.4892 -0.262339 234.374 112.115 198.753
lowerback 32.6577 -0.632697 7.25286
upperback 7.86542 2.47375 3.03915
thorax -7.90525 1.30609 -1.55246
lowerneck -18.0603 -12.7262 -5.86238
upperneck 7.05571 -17.3705 12.5733
head 6.71151 -7.72745 2.83668
rclavicle 4.45278e-014 -3.81667e-014
rhumerus 32.879 -18.5279 -66.6976
rradius 53.151
rwrist -186.298
rhand -22.3648 -4.67555
rfingers 7.12502
rthumb 4.05653 -34.6167
lclavicle 4.45278e-014 -3.81667e-014
lhumerus -30.0632 -14.7094 73.1685
lradius 101.391
lwrist 6.30673
lhand -18.507 25.228
lfingers 7.12502
lthumb 7.78105 55.0648
rfemur -105.738 -16.7776 22.7422
rtibia 97.0791
rfoot -17.5651 22.4692
rtoes -5.83657
lfemur -107.402 29.9669 -54.3103
ltibia 103.881
lfoot -17.6071 -19.4761
ltoes -13.8942
191
root -0.307587 13.4198 -0.250075 234.127 112.075 198.75
lowerback 32.8552 -0.602641 7.15607
upperback 7.98413 2.52304 3.1986
thorax -7.86201 1.33696 -1.35142
lowerneck -18.0003 -12.7516 -6.06565
upperneck 6.8685 -17.3289 12.4926
head 6.64568 -7.73165 2.85439
rclavicle 3.18055e-015 2.94201e-014
rhumerus 33.8709 -18.9288 -66.8511
rradius 52.4399
rwrist -185.946
rhand -22.3038 -4.72042
rfingers 7.12502
rthumb 4.11541 -34.6604
lclavicle 3.18055e-015 2.94201e-014
lhumerus -30.136 -14.2605 73.159
lradius 101.226
lwrist 6.26786
lhand -19.1735 25.0492
lfingers 7.12502
lthumb 7.13767 54.9088
rfemur -106.131 -16.8799 22.9303
rtibia 97.9791
rfoot -18.0629 22.2232
rtoes -7.92443
lfemur -107.854 30.3364 -54.3264
ltibia 104.665
lfoot -17.3093 -19.8321
ltoes -13.342
192
root -0.310177 13.3504 -0.234258 233.661 112.089 198.548
lowerback 33.2705 -0.531342 7.12074
upperback 8.00372 2.65386 3.26517
thorax -7.99792 1.39486 -1.31322
lowerneck -17.8825 -12.8003 -6.13719
upperneck 6.71588 -17.3477 12.362
head 6.57077 -7.76569 2.83188
rclavicle -1.59028e-014 -4.05521e-014
rhumerus 34.6599 -19.4669 -67.1115
rradius 51.8383
rwrist -185.385
rhand -22.3643 -4.49401
rfingers 7.12502
rthumb 4.05701 -34.4351
lclavicle -1.59028e-014 -4.05521e-014
lhumerus -30.3162 -13.996 73.0598
lradius 101.091
lwrist 6.13229
lhand -19.7682 24.934
lfingers 7.12502
lthumb 6.5636 54.8123
rfemur -106.439 -16.8835 23.0896
rtibia 98.8284
rfoot -18.4358 22.0934
rtoes -9.39899
lfemur -108.419 30.8614 -54.4633
ltibia 105.469
lfoot -17.1639 -20.0308
ltoes -13.7989
193
root -0.31104 13.2822 -0.226051 233.641 111.984 198.735
lowerback 33.5518 -0.595824 7.28693
upperback 8.02921 2.66353 3.26856
thorax -8.06653 1.39878 -1.40212
lowerneck -17.9152 -12.8267 -6.04047
upperneck 6.62715 -17.3624 12.1304
head 6.51527 -7.79162 2.74725
rclavicle 2.8625e-014 -1.35174e-014
rhumerus 35.5727 -20.0554 -67.5134
rradius 51.1034
rwrist -184.813
rhand -22.3412 -4.54779
rfingers 7.12502
rthumb 4.07928 -34.4885
lclavicle 2.8625e-014 -1.35174e-014
lhumerus -30.3582 -13.7259 72.847
lradius 100.935
lwrist 6.03096
lhand -20.1354 25.0977
lfingers 7.12502
lthumb 6.20912 54.9867
rfemur -106.836 -17.1452 23.2515
rtibia 99.6254
rfoot -18.4799 22.2951
rtoes -9.60048
lfemur -108.929 31.1143 -54.5859
ltibia 106.248
lfoot -17.0556 -20.1676
ltoes -14.3946
194
root -0.310897 13.213 -0.2314 234.217 111.775 199.462
lowerback 33.6345 -0.789593 7.5979
upperback 8.0467 2.54403 3.27612
thorax -8.06744 1.34476 -1.51351
lowerneck -17.9295 -12.8266 -5.92613
upperneck 6.54222 -17.342 11.8669
head 6.45029 -7.80299 2.65701
rclavicle 3.18055e-015 -8.11041e-014
rhumerus 36.4899 -20.592 -67.8592
rradius 50.3813
rwrist -184.211
rhand -22.315 -4.74173
rfingers 7.12502
rthumb 4.10459 -34.6819
lclavicle 3.18055e-015 -8.11041e-014
lhumerus -30.3833 -13.3496 72.7019
lradius 100.757
lwrist 6.03434
lhand -20.3857 25.4111
lfingers 7.12502
lthumb 5.96745 55.307
rfemur -107.408 -17.7066 23.4592
rtibia 100.379
rfoot -18.4143 22.4908
rtoes -10.1207
lfemur -109.293 30.9628 -54.6356
ltibia 106.959
lfoot -16.7419 -20.2875
ltoes -14.2345
195
root -0.31239 13.1415 -0.232737 234.686 111.639 200.107
lowerback 33.7527 -0.904072 7.75184
upperback 8.04893 2.48067 3.33661
thorax -8.10739 1.31516 -1.50801
lowerneck -17.7779 -12.8333 -5.96256
upperneck 6.34093 -17.302 11.681
head 6.34093 -7.81448 2.62559
rclavicle -6.99722e-014 3.26007e-014
rhumerus 37.336 -21.0625 -68.1038
rradius 49.6907
rwrist -183.685
rhand -22.2319 -4.84246
rfingers 7.12502
rthumb 4.18487 -34.7811
lclavicle -6.99722e-014 3.26007e-014
lhumerus -30.5305 -12.9237 72.6398
lradius 100.614
lwrist 6.00154
lhand -20.8058 25.5359
lfingers 7.12502
lthumb 5.56182 55.4429
rfemur -107.981 -18.1839 23.6345
rtibia 101.181
rfoot -18.4362 22.5999
rtoes -10.9519
lfemur -109.692 30.9401 -54.7105
ltibia 107.684
lfoot -16.349 -20.5007
ltoes -13.7877
196
root -0.316556 13.0675 -0.223257 235.121 111.693 200.727
lowerback 33.987 -0.886191 7.63997
upperback 8.0007 2.49682 3.34899
thorax -8.25504 1.31759 -1.44587
lowerneck -17.6863 -12.8715 -6.03285
upperneck 6.27744 -17.3231 11.5968
head 6.30443 -7.83941 2.61359
rclavicle 1.59028e-014 -6.36111e-015
rhumerus 38.0449 -21.5115 -68.2805
rradius 49.0277
rwrist -183.323
rhand -22.09 -4.80659
rfingers 7.12502
rthumb 4.32182 -34.7425
lclavicle 1.59028e-014 -6.36111e-015
lhumerus -30.6976 -12.5772 72.4907
lradius 100.415
lwrist 5.89394
lhand -21.1226 25.5207
lfingers 7.12502
lthumb 5.25597 55.4355
rfemur -108.576 -18.5016 23.5946
rtibia 102.039
rfoot -18.2048 22.7504
rtoes -10.8883
lfemur -110.207 31.0955 -54.9737
ltibia 108.43
lfoot -15.9088 -20.73
ltoes -13.2257
197
root -0.318592 12.9893 -0.213682 235.387 111.72 201.161
lowerback 33.9474 -0.892967 7.69037
upperback 8.1607 2.49252 3.27614
thorax -8.05783 1.33091 -1.54389
lowerneck -17.7783 -12.9299 -5.94725
upperneck 6.11424 -17.4025 11.6002
head 6.26625 -7.88 2.59096
rclavicle -2.8625e-014 -3.57812e-014
rhumerus 39.0457 -22.2055 -68.848
rradius 48.3714
rwrist -182.745
rhand -22.071 -4.77761
rfingers 7.12502
rthumb 4.34017 -34.7131
lclavicle -2.8625e-014 -3.57812e-014
lhumerus -30.5142 -12.2603 72.1548
lradius 100.17
lwrist 5.92011
lhand -21.4582 25.5297
lfingers 7.12502
lthumb 4.93192 55.4523
rfemur -109.18 -18.7851 23.6095
rtibia 102.924
rfoot -17.8395 23.031
rtoes -10.3025
lfemur -110.739 31.32 -55.2096
ltibia 109.193
lfoot -15.4366 -21.0452
ltoes -12.2058
198
root -0.31835 12.9073 -0.208091 235.53 111.61 201.33
lowerback 33.7825 -0.929222 7.93339
upperback 8.23239 2.50604 3.2423
thorax -7.9 1.34505 -1.70726
lowerneck -17.7859 -12.9863 -5.83745
upperneck 6.01063 -17.4826 11.5246
head 6.22329 -7.92691 2.5444
rclavicle 6.36111e-015 1.74931e-014
rhumerus 39.9104 -22.861 -69.4003
rradius 47.7502
rwrist -182.051
rhand -22.1673 -4.68239
rfingers 7.12502
rthumb 4.24724 -34.6198
lclavicle 6.36111e-015 1.74931e-014
lhumerus -30.4896 -12.0235 71.8479
lradius 99.9801
lwrist 6.18847
lhand -21.948 25.6237
lfingers 7.12502
lthumb 4.45901 55.5567
rfemur -109.888 -19.0293 23.8714
rtibia 103.766
rfoot -17.5049 23.3089
rtoes -9.77918
lfemur -111.457 31.4705 -55.3368
ltibia 110.006
lfoot -15.2241 -21.3482
ltoes -12.5563
199
root -0.318729 12.8243 -0.202745 235.451 111.463 201.31
lowerback 33.6577 -0.972672 8.1529
upperback 8.28028 2.51568 3.275
thorax -7.78798 1.35488 -1.78761
lowerneck -17.7695 -12.9988 -5.80955
upperneck 5.99569 -17.4889 11.4068
head 6.20129 -7.93952 2.50605
rclavicle -3.18055e-014 -5.48646e-014
rhumerus 40.616 -23.2573 -69.6902
rradius 47.2146
rwrist -181.513
rhand -22.19 -4.52873
rfingers 7.12502
rthumb 4.22531 -34.4666
lclavicle -3.18055e-014 -5.48646e-014
lhumerus -30.6523 -11.6351 71.641
lradius 99.743
lwrist 6.42412
lhand -22.4514 25.542
lfingers 7.12502
lthumb 3.97291 55.4847
rfemur -110.539 -19.2342 24.2314
rtibia 104.611
rfoot -17.4553 23.5182
rtoes -10.1198
lfemur -112.18 31.7033 -55.3702
ltibia 110.814
lfoot -14.944 -21.727
ltoes -12.5272
200
root -0.327113 12.7472 -0.188686 235.625 111.449 201.657
lowerback 33.7943 -0.939335 8.07463
upperback 8.29408 2.55466 3.31693
thorax -7.82847 1.37347 -1.71786
lowerneck -17.6946 -13.0123 -5.79214
upperneck 5.92875 -17.491 11.2872
head 6.15374 -7.95512 2.47388
rclavicle 2.22639e-014 4.77083e-014
rhumerus 41.3726 -23.7111 -69.9845
rradius 46.6358
rwrist -180.962
rhand -22.2036 -4.47029
rfingers 7.12502
rthumb 4.21212 -34.4084
lclavicle 2.22639e-014 4.77083e-014
lhumerus -30.8075 -11.3414 71.4654
lradius 99.5156
lwrist 6.65297
lhand -22.9218 25.6668
lfingers 7.12502
lthumb 3.51858 55.6175
rfemur -111.121 -19.51 24.3825
rtibia 105.469
rfoot -17.5027 23.6677
rtoes -10.9772
lfemur -112.723 31.9602 -55.5119
ltibia 111.536
lfoot -14.5593 -22.1238
ltoes -12.1391
201
root -0.342659 12.6646 -0.174759 236.505 111.351 202.641
lowerback 33.8553 -0.973416 7.99327
upperback 8.27015 2.5025 3.35198
thorax -7.88803 1.34851 -1.62165
lowerneck -17.5589 -13.0522 -5.82262
upperneck 5.75064 -17.5255 11.2851
head 6.08027 -7.98622 2.48501
rclavicle 3.18055e-015 -3.02153e-014
rhumerus 42.2905 -24.2638 -70.5019
rradius 45.9032
rwrist -180.152
rhand -22.3505 -4.59576
rfingers 7.12502
rthumb 4.0703 -34.5366
lclavicle 3.18055e-015 -3.02153e-014
lhumerus -30.9266 -11.0678 71.2271
lradius 99.2962
lwrist 6.94399
lhand -23.2069 26.1076
lfingers 7.12502
lthumb 3.2433 56.0627
rfemur -111.963 -20.017 24.5174
rtibia 106.354
rfoot -17.3858 23.8
rtoes -11.339
lfemur -113.316 31.8878 -55.7387
ltibia 112.245
lfoot -14.2154 -22.37
ltoes -12.4548
202
root -0.350268 12.5822 -0.166581 237.119 111.245 203.353
lowerback 33.8448 -1.03238 8.06561
upperback 8.27268 2.45928 3.37189
thorax -7.88088 1.33012 -1.62267
lowerneck -17.4161 -13.1153 -5.93353
upperneck 5.58915 -17.5844 11.3489
head 6.0269 -8.02561 2.52305
rclavicle 7.63333e-014 6.04305e-014
rhumerus 43.0604 -24.7448 -70.812
rradius 45.2981
rwrist -179.575
rhand -22.5294 -4.56344
rfingers 7.12502
rthumb 3.89755 -34.5075
lclavicle 7.63333e-014 6.04305e-014
lhumerus -31.0562 -10.7662 71.0303
lradius 99.0504
lwrist 7.31616
lhand -23.5805 26.4112
lfingers 7.12502
lthumb 2.88249 56.3715
rfemur -112.743 -20.4543 24.6991
rtibia 107.189
rfoot -17.1815 24.0292
rtoes -11.2865
lfemur -113.961 31.8924 -55.9643
ltibia 112.97
lfoot -13.9726 -22.5307
ltoes -13.0065
203
root -0.345305 12.5335 -0.154182 236.788 111.096 203.767
lowerback 34.6557 -1.22419 8.29387
upperback 8.32255 2.41323 3.36152
thorax -7.99947 1.31424 -1.69849
lowerneck -17.3853 -13.1853 -6.05469
upperneck 5.44678 -17.6423 11.3659
head 5.99305 -8.06303 2.54215
rclavicle -4.45278e-014 -1.03368e-013
rhumerus 43.8692 -25.1814 -71.135
rradius 44.7985
rwrist -179.012
rhand -22.6306 -4.36608
rfingers 7.12502
rthumb 3.79984 -34.3119
lclavicle -4.45278e-014 -1.03368e-013
lhumerus -31.1449 -10.5306 70.8231
lradius 98.8226
lwrist 7.94742
lhand -24.0479 26.6237
lfingers 7.12502
lthumb 2.43113 56.5896
rfemur -112.387 -20.9338 24.7237
rtibia 107.868
rfoot -17.2999 24.3781
rtoes -11.4072
lfemur -113.708 32.5742 -55.7616
ltibia 113.541
lfoot -13.5849 -22.9797
ltoes -12.5709
204
root -0.340278 12.4995 -0.136994 236.323 111.087 204.297
lowerback 35.6822 -1.37866 8.32591
upperback 8.50193 2.37321 3.34735
thorax -8.17695 1.3061 -1.71942
lowerneck -17.4688 -13.2308 -6.07056
upperneck 5.3637 -17.6793 11.288
head 5.9753 -8.08776 2.51402
rclavicle -3.81667e-014 -4.29375e-014
rhumerus 44.8946 -25.7432 -71.7776
rradius 44.2366
rwrist -178.16
rhand -22.6773 -3.98928
rfingers 7.12502
rthumb 3.75472 -33.9359
lclavicle -3.81667e-014 -4.29375e-014
lhumerus -31.1522 -10.2756 70.6015
lradius 98.6157
lwrist 8.61992
lhand -24.1759 27.2763
lfingers 7.12502
lthumb 2.30747 57.2435
rfemur -111.661 -21.4167 24.5198
rtibia 108.487
rfoot -17.5578 24.6718
rtoes -11.5419
lfemur -113.103 33.5559 -55.5991
ltibia 114.029
lfoot -13.1949 -23.5904
ltoes -12.0577
205
root -0.340129 12.4468 -0.125364 236.088 111.029 204.689
lowerback 36.2763 -1.48197 8.42634
upperback 8.63005 2.3674 3.357
thorax -8.24258 1.31225 -1.75958
lowerneck -17.5617 -13.2648 -5.99453
upperneck 5.2724 -17.7081 11.1187
head 5.93799 -8.11309 2.44763
rclavicle -3.18055e-014 -5.00937e-014
rhumerus 45.95 -26.3743 -72.5581
rradius 43.7065
rwrist -177.062
rhand -22.8606 -4.03361
rfingers 7.12502
rthumb 3.57775 -33.9833
lclavicle -3.18055e-014 -5.00937e-014
lhumerus -31.1826 -10.0112 70.4198
lradius 98.3698
lwrist 8.98907
lhand -24.4481 28.0321
lfingers 7.12502
lthumb 2.04455 58.0021
rfemur -111.498 -21.843 24.5014
rtibia 109.172
rfoot -17.5891 24.9242
rtoes -11.4138
lfemur -113.042 34.2298 -55.5784
ltibia 114.632
lfoot -12.8223 -24.035
ltoes -12.0282
206
root -0.338363 12.3766 -0.118042 235.93 110.897 204.713
lowerback 36.3021 -1.53165 8.66352
upperback 8.72087 2.40114 3.38294
thorax -8.13555 1.3365 -1.86367
lowerneck -17.5642 -13.2817 -5.93426
upperneck 5.1059 -17.7147 11.0112
head 5.86884 -8.13009 2.41209
rclavicle -4.13472e-014 -1.27222e-014
rhumerus 46.9063 -26.9548 -73.1891
rradius 43.1351
rwrist -176.185
rhand -23.1358 -4.68911
rfingers 7.12502
rthumb 3.31198 -34.6431
lclavicle -4.13472e-014 -1.27222e-014
lhumerus -31.2448 -9.73938 70.2681
lradius 98.1174
lwrist 9.21465
lhand -24.8037 28.7004
lfingers 7.12502
lthumb 1.70119 58.6734
rfemur -111.945 -22.125 24.7832
rtibia 109.921
rfoot -17.49 25.1227
rtoes -11.1952
lfemur -113.63 34.6161 -55.6598
ltibia 115.35
lfoot -12.4579 -24.3683
ltoes -11.8837
207
root -0.331935 12.3068 -0.109505 236.047 110.977 205.008
lowerback 36.2236 -1.52398 8.66595
upperback 8.8287 2.39756 3.34942
thorax -7.98677 1.34717 -1.89665
lowerneck -17.4886 -13.2938 -5.91403
upperneck 4.92058 -17.7164 10.9726
head 5.7921 -8.14416 2.40786
rclavicle -8.90555e-014 -8.74653e-014
rhumerus 47.8635 -27.4606 -73.7826
rradius 42.5001
rwrist -175.522
rhand -23.3498 -4.9532
rfingers 7.12502
rthumb 3.1053 -34.9103
lclavicle -8.90555e-014 -8.74653e-014
lhumerus -31.461 -9.51804 70.0978
lradius 98.0574
lwrist 9.41406
lhand -24.8954 29.6898
lfingers 7.12502
lthumb 1.61261 59.6635
rfemur -112.465 -22.3908 24.8606
rtibia 110.687
rfoot -17.374 25.3282
rtoes -11.2513
lfemur -114.182 35.0241 -55.9703
ltibia 116.054
lfoot -12.0935 -24.754
ltoes -11.4415
208
root -0.328278 12.2371 -0.100014 236.315 111.042 205.47
lowerback 36.1814 -1.50883 8.60318
upperback 8.91783 2.39319 3.37044
thorax -7.87817 1.35512 -1.83894
lowerneck -17.5103 -13.3316 -6.00342
upperneck 4.88256 -17.7327 10.8857
head 5.78256 -8.16075 2.39219
rclavicle -5.40694e-014 -1.28812e-013
rhumerus 48.7423 -27.8993 -74.2075
rradius 41.9341
rwrist -174.956
rhand -23.3962 -4.8483
rfingers 7.12502
rthumb 3.06044 -34.8061
lclavicle -5.40694e-014 -1.28812e-013
lhumerus -31.7517 -9.26099 69.9843
lradius 97.9525
lwrist 9.72328
lhand -25.3014 30.2809
lfingers 7.12502
lthumb 1.22052 60.2572
rfemur -113.021 -22.6761 24.9707
rtibia 111.465
rfoot -17.5118 25.3159
rtoes -12.184
lfemur -114.691 35.3491 -56.2555
ltibia 116.704
lfoot -11.7211 -25.0986
ltoes -11.3187
209
root -0.329812 12.1646 -0.0914005 236.352 110.945 205.671
lowerback 36.2098 -1.5317 8.68534
upperback 8.97181 2.41009 3.43708
thorax -7.8254 1.36833 -1.81541
lowerneck -17.5809 -13.356 -5.99958
upperneck 4.85655 -17.7426 10.735
head 5.76918 -8.17456 2.34319
rclavicle -1.59028e-014 3.97569e-015
rhumerus 49.6104 -28.3169 -74.6682
rradius 41.4023
rwrist -174.392
rhand -23.583 -5.02089
rfingers 7.12502
rthumb 2.88009 -34.9812
lclavicle -1.59028e-014 3.97569e-015
lhumerus -32.0053 -8.85357 69.7948
lradius 97.5154
lwrist 10.359
lhand -26.1812 29.4376
lfingers 7.12502
lthumb 0.370729 59.417
rfemur -113.605 -22.9162 25.2823
rtibia 112.24
rfoot -17.5919 25.1832
rtoes -12.8119
lfemur -115.299 35.6205 -56.3078
ltibia 117.363
lfoot -11.3603 -25.4543
ltoes -11.6807
210
root -0.331711 12.0936 -0.0822946 236.382 110.837 205.935
lowerback 36.3967 -1.58995 8.86458
upperback 8.99059 2.42558 3.39229
thorax -7.85653 1.37768 -1.96041
lowerneck -17.6035 -13.3877 -5.82918
upperneck 4.7614 -17.8072 10.6882
head 5.72774 -8.2095 2.29963
rclavicle 4.13472e-014 -3.18055e-014
rhumerus 50.3143 -28.8237 -75.1375
rradius 40.9716
rwrist -173.912
rhand -23.7458 -5.06688
rfingers 7.12502
rthumb 2.7229 -35.0292
lclavicle 4.13472e-014 -3.18055e-014
lhumerus -32.1687 -8.63881 69.4777
lradius 97.0652
lwrist 11.1478
lhand -26.9279 29.0051
lfingers 7.12502
lthumb -0.350443 58.9846
rfemur -114.087 -23.235 25.491
rtibia 113.027
rfoot -17.3916 25.3116
rtoes -12.5177
lfemur -115.758 35.9577 -56.332
ltibia 118.014
lfoot -11.0903 -25.8233
ltoes -11.7296
211
root -0.333901 12.0212 -0.0745149 236.661 110.85 206.502
lowerback 36.6017 -1.53088 8.70539
upperback 9.03731 2.48956 3.52358
thorax -7.88837 1.40979 -1.76462
lowerneck -17.6395 -13.4616 -5.91257
upperneck 4.64509 -17.8714 10.646
head 5.70328 -8.24903 2.29142
rclavicle 1.43125e-013 -1.74931e-014
rhumerus 51.0391 -29.2394 -75.3102
rradius 40.555
rwrist -173.522
rhand -23.9422 -5.00612
rfingers 7.12502
rthumb 2.53319 -34.9708
lclavicle 1.43125e-013 -1.74931e-014
lhumerus -32.4338 -8.45288 69.5932
lradius 96.8765
lwrist 12.259
lhand -27.373 28.9363
lfingers 7.12502
lthumb -0.780305 58.9146
rfemur -114.58 -23.6578 25.5464
rtibia 113.813
rfoot -17.1305 25.5525
rtoes -12.2618
lfemur -116.051 36.2708 -56.4779
ltibia 118.642
lfoot -10.8487 -26.2174
ltoes -11.5851
212
root -0.335744 11.9512 -0.0643782 236.898 110.798 206.981
lowerback 36.8018 -1.61443 8.78558
upperback 9.03088 2.44359 3.48975
thorax -7.96216 1.38844 -1.82541
lowerneck -17.5707 -13.493 -5.92185
upperneck 4.52469 -17.9056 10.663
head 5.65942 -8.27225 2.30075
rclavicle -3.18055e-014 -5.00937e-014
rhumerus 51.8014 -29.6347 -75.8547
rradius 40.0671
rwrist -173.02
rhand -23.9234 -5.10295
rfingers 7.12502
rthumb 2.55129 -35.0674
lclavicle -3.18055e-014 -5.00937e-014
lhumerus -32.8104 -8.38405 69.4837
lradius 96.8415
lwrist 13.7444
lhand -27.5314 28.7405
lfingers 7.12502
lthumb -0.933331 58.7182
rfemur -115.078 -24.0155 25.6947
rtibia 114.556
rfoot -17.105 25.666
rtoes -12.8375
lfemur -116.394 36.5806 -56.5842
ltibia 119.263
lfoot -10.682 -26.5927
ltoes -11.678
213
root -0.334284 11.8769 -0.0529322 237.128 110.689 207.358
lowerback 36.8245 -1.70626 8.9582
upperback 9.04688 2.39576 3.44921
thorax -7.94332 1.37002 -1.93785
lowerneck -17.575 -13.5169 -5.87103
upperneck 4.43952 -17.9394 10.649
head 5.62958 -8.2922 2.28789
rclavicle 3.18055e-014 1.11319e-014
rhumerus 52.6365 -30.0788 -76.5524
rradius 39.5784
rwrist -172.426
rhand -23.9179 -5.36558
rfingers 7.12502
rthumb 2.55667 -35.33
lclavicle 3.18055e-014 1.11319e-014
lhumerus -33.0591 -8.287 69.2715
lradius 96.5934
lwrist 14.8243
lhand -27.4889 28.7199
lfingers 7.12502
lthumb -0.892282 58.6977
rfemur -115.649 -24.3172 25.8877
rtibia 115.311
rfoot -17.0631 25.7358
rtoes -13.1513
lfemur -116.923 36.8572 -56.744
ltibia 119.914
lfoot -10.5088 -26.9361
ltoes -11.7073
214
root -0.330771 11.7974 -0.0410258 237.601 110.681 208.049
lowerback 36.8873 -1.73823 8.92966
upperback 9.08118 2.36088 3.45787
thorax -7.93194 1.35869 -1.90097
lowerneck -17.6219 -13.5749 -5.93252
upperneck 4.40631 -18.0011 10.6675
head 5.63797 -8.32186 2.2914
rclavicle 1.27222e-014 -3.97569e-015
rhumerus 53.2898 -30.4625 -76.9682
rradius 39.2205
rwrist -172.094
rhand -23.6042 -5.43704
rfingers 7.12502
rthumb 2.85959 -35.3976
lclavicle 1.27222e-014 -3.97569e-015
lhumerus -33.2877 -8.02555 69.1475
lradius 96.2749
lwrist 15.5501
lhand -27.583 28.7773
lfingers 7.12502
lthumb -0.98312 58.7547
rfemur -116.225 -24.7467 25.9492
rtibia 116.108
rfoot -17.1569 25.8663
rtoes -13.6384
lfemur -117.375 37.1484 -57.0404
ltibia 120.564
lfoot -10.2068 -27.3172
ltoes -11.1322
215
root -0.330294 11.7206 -0.0293289 237.859 110.703 208.537
lowerback 37.0826 -1.70754 8.8224
upperback 9.07319 2.4002 3.53973
thorax -8.01616 1.37452 -1.77574
lowerneck -17.6349 -13.6458 -6.13853
upperneck 4.3902 -18.051 10.6809
head 5.65743 -8.34887 2.31552
rclavicle -3.18055e-014 -2.3059e-014
rhumerus 53.7999 -30.7821 -77.0698
rradius 38.8931
rwrist -171.981
rhand -23.2986 -5.26555
rfingers 7.12502
rthumb 3.15472 -35.222
lclavicle -3.18055e-014 -2.3059e-014
lhumerus -33.636 -7.73768 69.1545
lradius 96.0198
lwrist 16.265
lhand -27.7149 28.7296
lfingers 7.12502
lthumb -1.11059 58.7065
rfemur -116.743 -25.0724 26.0118
rtibia 116.856
rfoot -17.1966 26.0399
rtoes -14.4608
lfemur -117.863 37.4941 -57.326
ltibia 121.225
lfoot -9.89916 -27.593
ltoes -10.8033
216
root -0.332781 11.6489 -0.0183924 237.944 110.638 208.772
lowerback 37.2682 -1.69949 8.8151
upperback 8.99633 2.44616 3.62201
thorax -8.16694 1.38629 -1.70447
lowerneck -17.5526 -13.6766 -6.24424
upperneck 4.34362 -18.0592 10.602
head 5.63075 -8.36469 2.31175
rclavicle 9.54166e-015 -4.05521e-014
rhumerus 54.2383 -31.0575 -77.1526
rradius 38.5428
rwrist -171.918
rhand -23.3575 -5.01402
rfingers 7.12502
rthumb 3.09786 -34.9713
lclavicle 9.54166e-015 -4.05521e-014
lhumerus -34.0553 -7.50694 69.1267
lradius 95.7627
lwrist 16.7527
lhand -27.7822 29.0829
lfingers 7.12502
lthumb -1.17558 59.0594
rfemur -117.294 -25.3159 26.1364
rtibia 117.514
rfoot -16.9088 26.303
rtoes -14.1997
lfemur -118.529 37.7848 -57.5219
ltibia 121.87
lfoot -9.60184 -27.7326
ltoes -10.9323
217
root -0.337012 11.5835 -0.00812934 237.987 110.604 208.972
lowerback 37.3247 -1.70118 8.82421
upperback 9.0371 2.46121 3.64936
thorax -8.14081 1.39739 -1.68527
lowerneck -17.5342 -13.6964 -6.26687
upperneck 4.21801 -18.0671 10.5725
head 5.58708 -8.37655 2.31045
rclavicle -7.31528e-014 -6.04305e-014
rhumerus 54.9701 -31.3969 -77.5992
rradius 38.1224
rwrist -171.637
rhand -23.4538 -4.8845
rfingers 7.12502
rthumb 3.00487 -34.8431
lclavicle -7.31528e-014 -6.04305e-014
lhumerus -34.2796 -7.26226 68.9607
lradius 95.488
lwrist 17.346
lhand -27.6884 29.7389
lfingers 7.12502
lthumb -1.08493 59.7159
rfemur -117.798 -25.503 26.2226
rtibia 118.116
rfoot -16.5742 26.5419
rtoes -13.6398
lfemur -119.248 38.0902 -57.8429
ltibia 122.429
lfoot -9.35339 -27.8591
ltoes -11.3364
218
root -0.365828 11.6381 -0.00347738 237.82 110.539 209.028
lowerback 37.4799 -1.70166 8.8796
upperback 9.11303 2.50891 3.67807
thorax -8.10427 1.42612 -1.70011
lowerneck -17.5399 -13.7307 -6.22455
upperneck 4.04147 -18.1031 10.5405
head 5.52724 -8.40266 2.29637
rclavicle 5.40694e-014 4.45278e-014
rhumerus 55.8264 -31.8139 -78.2054
rradius 37.6786
rwrist -171.303
rhand -23.5274 -5.05551
rfingers 7.12502
rthumb 2.93373 -35.0151
lclavicle 5.40694e-014 4.45278e-014
lhumerus -34.4186 -6.9594 68.7689
lradius 95.195
lwrist 18.0039
lhand -27.572 30.2084
lfingers 7.12502
lthumb -0.972577 60.1859
rfemur -117.204 -25.5071 26.2935
rtibia 117.842
rfoot -16.4273 26.5368
rtoes -13.0541
lfemur -118.902 38.2734 -57.996
ltibia 122.062
lfoot -9.03358 -27.8152
ltoes -11.5031
219
root -0.367539 11.5696 0.00792605 237.639 110.417 209.007
lowerback 37.9016 -1.50781 8.65186
upperback 8.92616 2.77259 4.06264
thorax -8.47488 1.52045 -1.28341
lowerneck -17.4386 -13.8186 -6.46508
upperneck 4.04771 -18.1358 10.2128
head 5.50027 -8.44742 2.23443
rclavicle -2.54444e-014 0
rhumerus 56.1559 -32.0336 -77.9184
rradius 37.3076
rwrist -171.195
rhand -23.6272 -4.88866
rfingers 7.12502
rthumb 2.83735 -34.8495
lclavicle -2.54444e-014 0
lhumerus -34.9992 -6.71619 69.1455
lradius 94.9425
lwrist 18.6047
lhand -27.7647 30.5316
lfingers 7.12502
lthumb -1.15865 60.5082
rfemur -117.718 -25.6694 26.5338
rtibia 118.484
rfoot -16.1705 26.6901
rtoes -12.5293
lfemur -119.682 38.7737 -58.2659
ltibia 122.672
lfoot -8.59458 -28.1502
ltoes -11.3098
220
root -0.366787 11.5021 0.018797 237.797 110.418 209.325
lowerback 37.8959 -1.52309 8.6717
upperback 8.99095 2.75888 4.03437
thorax -8.39863 1.52195 -1.31698
lowerneck -17.4702 -13.8206 -6.33072
upperneck 3.90733 -18.14 10.0897
head 5.43571 -8.4598 2.18384
rclavicle -2.54444e-014 8.90555e-014
rhumerus 56.8534 -32.3999 -78.469
rradius 36.9983
rwrist -170.931
rhand -23.786 -4.80256
rfingers 7.12502
rthumb 2.68407 -34.7654
lclavicle -2.54444e-014 8.90555e-014
lhumerus -35.1713 -6.50508 68.9429
lradius 94.6536
lwrist 19.2578
lhand -28.121 30.8911
lfingers 7.12502
lthumb -1.50282 60.8655
rfemur -118.282 -25.9362 26.6132
rtibia 119.146
rfoot -15.8838 26.9195
rtoes -12.3212
lfemur -120.335 39.1728 -58.5689
ltibia 123.281
lfoot -8.14784 -28.4647
ltoes -10.8073
221
root -0.364845 11.4401 0.0307455 237.77 110.337 209.486
lowerback 37.7681 -1.66306 8.9702
upperback 9.168 2.66027 3.85243
thorax -8.13432 1.49919 -1.6187
lowerneck -17.5589 -13.8018 -6.08093
upperneck 3.71259 -18.1521 10.1213
head 5.37042 -8.46443 2.16038
rclavicle -3.18055e-015 -1.19271e-014
rhumerus 57.7245 -32.8544 -79.3486
rradius 36.6653
rwrist -170.626
rhand -23.9273 -4.94146
rfingers 7.12502
rthumb 2.54757 -34.906
lclavicle -3.18055e-015 -1.19271e-014
lhumerus -35.1329 -6.2724 68.4701
lradius 94.3541
lwrist 19.8589
lhand -27.7597 31.3384
lfingers 7.12502
lthumb -1.15382 61.315
rfemur -118.671 -26.135 26.7787
rtibia 119.79
rfoot -15.8452 27.0392
rtoes -12.8806
lfemur -120.909 39.6209 -58.7369
ltibia 123.86
lfoot -7.61855 -28.8832
ltoes -10.158
222
root -0.364073 11.3762 0.0412083 237.815 110.263 209.784
lowerback 37.8256 -1.77981 9.18289
upperback 9.27257 2.59632 3.75203
thorax -8.02256 1.48345 -1.80623
lowerneck -17.6342 -13.8019 -5.90222
upperneck 3.58215 -18.1669 10.0365
head 5.31692 -8.47717 2.11093
rclavicle 7.95139e-014 6.91771e-014
rhumerus 58.414 -33.2501 -79.9473
rradius 36.3701
rwrist -170.494
rhand -23.9897 -4.96423
rfingers 7.12502
rthumb 2.48734 -34.9295
lclavicle 7.95139e-014 6.91771e-014
lhumerus -35.225 -6.09175 68.159
lradius 94.0514
lwrist 20.3697
lhand -27.2734 31.8556
lfingers 7.12502
lthumb -0.684193 61.8342
rfemur -119.066 -26.4216 26.9456
rtibia 120.472
rfoot -15.8066 27.1824
rtoes -13.3309
lfemur -121.45 39.8902 -59.0064
ltibia 124.337
lfoot -7.72166 -28.9072
ltoes -11.4963
223
root -0.364563 11.3058 0.0508044 237.992 110.303 210.197
lowerback 37.9898 -1.80437 9.18505
upperback 9.28782 2.58897 3.71818
thorax -8.05978 1.48201 -1.8411
lowerneck -17.6201 -13.8516 -5.93927
upperneck 3.51213 -18.2212 10.044
head 5.30024 -8.50696 2.11403
rclavicle -6.36111e-015 5.56597e-014
rhumerus 59.0602 -33.6254 -80.4803
rradius 36.0733
rwrist -170.363
rhand -24.0361 -4.68461
rfingers 7.12502
rthumb 2.44253 -34.6504
lclavicle -6.36111e-015 5.56597e-014
lhumerus -35.4719 -5.94636 68.0205
lradius 93.7658
lwrist 21.0237
lhand -27.4315 31.4464
lfingers 7.12502
lthumb -0.836802 61.4245
rfemur -119.607 -26.6905 27.0955
rtibia 121.193
rfoot -15.8423 27.1508
rtoes -13.6204
lfemur -122.077 40.0394 -59.5146
ltibia 124.798
lfoot -8.63213 -28.6785
ltoes -14.9769
224
root -0.362909 11.2337 0.0633829 238.181 110.337 210.565
lowerback 38.0609 -1.8017 9.13281
upperback 9.32312 2.58566 3.72061
thorax -8.04826 1.48457 -1.81069
lowerneck -17.5548 -13.9096 -6.0754
upperneck 3.38327 -18.2758 10.1679
head 5.2785 -8.53468 2.16857
rclavicle -5.40694e-014 -2.70347e-014
rhumerus 59.8458 -33.9652 -81.1983
rradius 35.7503
rwrist -169.992
rhand -24.1875 -4.67293
rfingers 7.12502
rthumb 2.29628 -34.6403
lclavicle -5.40694e-014 -2.70347e-014
lhumerus -35.7079 -5.82138 67.9006
lradius 93.5252
lwrist 21.889
lhand -27.6538 31.0072
lfingers 7.12502
lthumb -1.05154 60.9844
rfemur -120.178 -26.9025 27.253
rtibia 121.897
rfoot -15.8467 27.1475
rtoes -13.6445
lfemur -122.666 40.4244 -59.8728
ltibia 125.371
lfoot -8.4454 -28.9853
ltoes -14.7725
225
root -0.35988 11.1698 0.0752423 238.37 110.305 211.007
lowerback 38.4181 -1.70444 8.92287
upperback 9.20804 2.7125 3.96356
thorax -8.31456 1.5257 -1.49991
lowerneck -17.4474 -13.9901 -6.35635
upperneck 3.33886 -18.3153 10.0829
head 5.26535 -8.56828 2.18347
rclavicle -3.81667e-014 -1.35174e-014
rhumerus 60.4306 -34.2593 -81.5022
rradius 35.3685
rwrist -169.53
rhand -24.4829 -4.91624
rfingers 7.12502
rthumb 2.01101 -34.8865
lclavicle -3.81667e-014 -1.35174e-014
lhumerus -36.1661 -5.66227 68.1382
lradius 93.2667
lwrist 22.51
lhand -27.7824 30.9925
lfingers 7.12502
lthumb -1.17573 60.969
rfemur -120.549 -27.1809 27.3753
rtibia 122.552
rfoot -16.0923 27.1066
rtoes -14.1509
lfemur -123.056 40.9436 -60.0385
ltibia 125.946
lfoot -7.58829 -29.5376
ltoes -12.5882
226
root -0.359059 11.1075 0.0857473 238.425 110.229 211.25
lowerback 38.5829 -1.7054 8.86424
upperback 9.18575 2.73702 4.11048
thorax -8.40496 1.53274 -1.32497
lowerneck -17.4233 -14.0064 -6.52208
upperneck 3.27595 -18.2873 9.99095
head 5.24358 -8.56525 2.18626
rclavicle -9.85972e-014 1.35174e-014
rhumerus 61.1601 -34.4589 -82.0925
rradius 35.0486
rwrist -169.138
rhand -24.8085 -5.14867
rfingers 7.12502
rthumb 1.69655 -35.1217
lclavicle -9.85972e-014 1.35174e-014
lhumerus -36.5413 -5.36449 68.2329
lradius 92.9782
lwrist 23.0543
lhand -28.0516 30.8653
lfingers 7.12502
lthumb -1.43576 60.8402
rfemur -120.898 -27.3564 27.5481
rtibia 123.152
rfoot -16.2962 27.0472
rtoes -14.3654
lfemur -123.708 41.2051 -60.4079
ltibia 126.442
lfoot -7.73508 -29.5215
ltoes -13.6845
227
root -0.359376 11.0429 0.0952908 238.507 110.159 211.477
lowerback 38.6757 -1.76731 8.92129
upperback 9.18253 2.7039 4.13518
thorax -8.4389 1.51747 -1.31497
lowerneck -17.4711 -14.004 -6.55907
upperneck 3.30335 -18.2668 9.91202
head 5.25241 -8.55778 2.16743
rclavicle 1.59028e-014 5.64548e-014
rhumerus 61.7687 -34.6542 -82.6246
rradius 34.8156
rwrist -168.849
rhand -25.0338 -5.03628
rfingers 7.12502
rthumb 1.47893 -35.0109
lclavicle 1.59028e-014 5.64548e-014
lhumerus -36.8769 -5.18753 68.2044
lradius 92.7296
lwrist 23.7336
lhand -27.9757 30.8423
lfingers 7.12502
lthumb -1.36249 60.8176
rfemur -121.328 -27.5231 27.7275
rtibia 123.745
rfoot -16.4035 27.085
rtoes -14.5587
lfemur -124.398 41.3978 -60.8113
ltibia 126.914
lfoot -7.85369 -29.5021
ltoes -14.8336
228
root -0.359336 10.9774 0.107025 238.51 110.032 211.733
lowerback 38.8829 -1.78933 9.21177
upperback 9.1999 2.80416 4.02078
thorax -8.4553 1.56593 -1.62234
lowerneck -17.6353 -14.1024 -6.08644
upperneck 3.35426 -18.4747 9.71005
head 5.24508 -8.66015 2.00867
rclavicle -4.45278e-014 -6.67916e-014
rhumerus 62.408 -35.397 -83.3225
rradius 34.5599
rwrist -168.596
rhand -25.1278 -5.12175
rfingers 7.12502
rthumb 1.38812 -35.097
lclavicle -4.45278e-014 -6.67916e-014
lhumerus -36.8237 -5.49524 67.9927
lradius 92.4159
lwrist 24.3141
lhand -27.7647 30.8284
lfingers 7.12502
lthumb -1.15862 60.805
rfemur -121.679 -27.8023 27.9149
rtibia 124.372
rfoot -16.4543 27.2479
rtoes -14.6922
lfemur -124.963 41.8255 -61.036
ltibia 127.446
lfoot -7.57277 -29.8268
ltoes -14.6797
229
root -0.359927 10.916 0.116154 238.606 109.957 212.122
lowerback 39.086 -1.80801 9.42008
upperback 9.25008 2.88018 3.92061
thorax -8.44035 1.60717 -1.86305
lowerneck -17.7473 -14.179 -5.67972
upperneck 3.32106 -18.6421 9.56463
head 5.21123 -8.74475 1.88704
rclavicle 2.22639e-014 7.63333e-014
rhumerus 63.2203 -36.1002 -84.1728
rradius 34.2108
rwrist -168.446
rhand -25.1908 -5.14563
rfingers 7.12502
rthumb 1.32733 -35.1212
lclavicle 2.22639e-014 7.63333e-014
lhumerus -36.7636 -5.66001 67.8042
lradius 92.1336
lwrist 24.71
lhand -27.5747 30.9362
lfingers 7.12502
lthumb -0.975111 60.9137
rfemur -122.058 -28.197 28.0451
rtibia 125.01
rfoot -16.3991 27.4715
rtoes -14.9242
lfemur -125.437 42.2378 -61.2995
ltibia 127.982
lfoot -7.49775 -30.0309
ltoes -14.573
230
root -0.361042 10.8558 0.125259 238.699 109.978 212.465
lowerback 39.2067 -1.89247 9.21254
upperback 9.27248 2.74087 4.05444
thorax -8.48635 1.54513 -1.56217
lowerneck -17.5448 -14.1078 -6.14331
upperneck 3.30854 -18.4616 9.63267
head 5.21225 -8.66395 2.00278
rclavicle 1.27222e-014 4.6118e-014
rhumerus 63.8692 -35.882 -84.7062
rradius 33.9373
rwrist -168.302
rhand -25.3842 -4.74753
rfingers 7.12502
rthumb 1.14049 -34.7242
lclavicle 1.27222e-014 4.6118e-014
lhumerus -37.254 -5.04802 67.8543
lradius 91.8832
lwrist 25.1606
lhand -27.4055 31.0886
lfingers 7.12502
lthumb -0.811693 61.0668
rfemur -122.504 -28.5284 28.116
rtibia 125.634
rfoot -16.1995 27.696
rtoes -14.8608
lfemur -125.963 42.6531 -61.6738
ltibia 128.49
lfoot -7.30584 -30.2443
ltoes -14.2485
231
root -0.361566 10.7936 0.133524 239.001 109.999 212.993
lowerback 39.154 -2.03218 9.14562
upperback 9.36232 2.54954 4.08388
thorax -8.38708 1.46971 -1.42028
lowerneck -17.3125 -14.0937 -6.54504
upperneck 3.17214 -18.3753 9.79363
head 5.18015 -8.62851 2.13133
rclavicle 4.77083e-014 3.18055e-015
rhumerus 64.7449 -35.8375 -85.681
rradius 33.6845
rwrist -167.987
rhand -25.5918 -4.56317
rfingers 7.12502
rthumb 0.939958 -34.5408
lclavicle 4.77083e-014 3.18055e-015
lhumerus -37.5899 -4.51959 67.7738
lradius 91.6227
lwrist 25.6277
lhand -27.3005 31.4183
lfingers 7.12502
lthumb -0.710361 61.3968
rfemur -123.012 -28.9361 28.2196
rtibia 126.228
rfoot -15.913 28.0126
rtoes -14.6522
lfemur -126.41 43.1639 -61.9391
ltibia 129.079
lfoot -6.35929 -30.7733
ltoes -11.7748
232
root -0.360762 10.7348 0.141345 239.192 109.956 213.427
lowerback 38.9154 -2.2064 9.45428
upperback 9.62628 2.39901 3.87414
thorax -7.99365 1.4366 -1.73387
lowerneck -17.4152 -14.1582 -6.43328
upperneck 3.07036 -18.4897 9.9506
head 5.17935 -8.67417 2.14409
rclavicle 3.81667e-014 1.25632e-013
rhumerus 66.1519 -36.3104 -87.4345
rradius 33.3554
rwrist -167.394
rhand -25.8927 -4.70106
rfingers 7.12502
rthumb 0.649423 -34.6798
lclavicle 3.81667e-014 1.25632e-013
lhumerus -37.3505 -4.39996 67.385
lradius 91.2737
lwrist 26.22
lhand -27.2546 31.3119
lfingers 7.12502
lthumb -0.666001 61.2906
rfemur -123.462 -29.3701 28.3871
rtibia 126.788
rfoot -15.6636 28.3754
rtoes -14.7177
lfemur -126.813 43.9203 -62.075
ltibia 129.743
lfoot -5.02619 -31.6808
ltoes -8.03059
233
root -0.360336 10.6806 0.147998 239.423 109.954 213.915
lowerback 39.327 -2.07037 9.1654
upperback 9.49034 2.56163 4.19255
thorax -8.30389 1.48947 -1.31734
lowerneck -17.4258 -14.2922 -6.77786
upperneck 3.2186 -18.5862 9.76232
head 5.24332 -8.73179 2.11558
rclavicle -7.95139e-014 -1.27222e-013
rhumerus 66.7001 -36.5317 -87.6839
rradius 33.0692
rwrist -167.223
rhand -26.1606 -4.7049
rfingers 7.12502
rthumb 0.390679 -34.6843
lclavicle -7.95139e-014 -1.27222e-013
lhumerus -37.7533 -4.26069 67.8276
lradius 90.9405
lwrist 26.8551
lhand -27.3033 30.8455
lfingers 7.12502
lthumb -0.713021 60.824
rfemur -123.924 -29.8047 28.5447
rtibia 127.33
rfoot -15.539 28.6307
rtoes -15.1224
lfemur -127.169 44.2733 -62.3446
ltibia 130.171
lfoot -4.77542 -31.9185
ltoes -7.8401
234
root -0.360602 10.6256 0.156321 239.671 109.972 214.361
lowerback 39.4475 -2.07267 9.2263
upperback 9.51161 2.59026 4.10659
thorax -8.30871 1.50653 -1.4507
lowerneck -17.4844 -14.3437 -6.47617
upperneck 3.20803 -18.7043 9.65258
head 5.21865 -8.792 2.02635
rclavicle -5.725e-014 -5.24792e-014
rhumerus 67.7438 -37.0805 -89.0518
rradius 32.8046
rwrist -166.728
rhand -26.4056 -4.92995
rfingers 7.12502
rthumb 0.154015 -34.9096
lclavicle -5.725e-014 -5.24792e-014
lhumerus -37.7489 -4.3175 67.6557
lradius 90.6037
lwrist 27.5747
lhand -27.1678 30.7523
lfingers 7.12502
lthumb -0.582166 60.7313
rfemur -124.458 -30.1516 28.7322
rtibia 127.862
rfoot -15.5402 28.7704
rtoes -15.4875
lfemur -127.691 44.2438 -62.8392
ltibia 130.4
lfoot -5.5325 -31.617
ltoes -10.9063
235
root -0.362119 10.5718 0.165225 239.732 109.896 214.602
lowerback 39.534 -2.1299 9.5737
upperback 9.60123 2.63375 3.84717
thorax -8.19623 1.5412 -1.91614
lowerneck -17.7692 -14.39 -5.70457
upperneck 3.17064 -18.8977 9.47875
head 5.17561 -8.88173 1.8366
rclavicle -7.31528e-014 -8.42847e-014
rhumerus 68.9318 -37.8559 -90.7162
rradius 32.611
rwrist -166.263
rhand -26.6475 -4.76576
rfingers 7.12502
rthumb -0.0795902 -34.7455
lclavicle -7.31528e-014 -8.42847e-014
lhumerus -37.4053 -4.55112 67.2452
lradius 90.2432
lwrist 28.2413
lhand -26.9992 30.9524
lfingers 7.12502
lthumb -0.419285 60.9317
rfemur -124.903 -30.3961 28.9801
rtibia 128.376
rfoot -15.6203 28.8277
rtoes -15.9339
lfemur -128.32 44.4438 -63.2014
ltibia 130.735
lfoot -5.6932 -31.6485
ltoes -12.2787
236
root -0.362471 10.5184 0.173334 239.763 109.796 214.763
lowerback 39.5794 -2.17124 9.80325
upperback 9.65145 2.67067 3.76492
thorax -8.1318 1.56639 -2.13167
lowerneck -17.8484 -14.4443 -5.46292
upperneck 3.07951 -19.0154 9.50519
head 5.14782 -8.93626 1.79661
rclavicle -9.54166e-015 -3.49861e-014
rhumerus 69.9967 -38.3178 -92.0943
rradius 32.4538
rwrist -165.669
rhand -26.9007 -4.64911
rfingers 7.12502
rthumb -0.324191 -34.6286
lclavicle -9.54166e-015 -3.49861e-014
lhumerus -37.3218 -4.56747 67.093
lradius 89.9365
lwrist 28.8508
lhand -26.9742 31.1997
lfingers 7.12502
lthumb -0.395212 61.1791
rfemur -125.336 -30.628 29.2539
rtibia 128.865
rfoot -15.6174 28.9155
rtoes -15.9138
lfemur -128.966 44.7546 -63.4907
ltibia 131.133
lfoot -5.25134 -31.9111
ltoes -11.6732
237
root -0.361806 10.466 0.177996 240.047 109.803 215.172
lowerback 39.5699 -2.20628 9.78462
upperback 9.68718 2.63228 3.82572
thorax -8.09618 1.55332 -2.04179
lowerneck -17.74 -14.5032 -5.65838
upperneck 2.91821 -19.0523 9.58198
head 5.1086 -8.96155 1.85142
rclavicle -1.17681e-013 -1.47896e-013
rhumerus 71.0849 -38.4391 -93.3369
rradius 32.2439
rwrist -165.009
rhand -27.2446 -4.76739
rfingers 7.12502
rthumb -0.656365 -34.7461
lclavicle -1.17681e-013 -1.47896e-013
lhumerus -37.468 -4.30469 67.1601
lradius 89.6322
lwrist 29.4887
lhand -26.971 31.3278
lfingers 7.12502
lthumb -0.392103 61.3072
rfemur -125.859 -30.9633 29.4431
rtibia 129.347
rfoot -15.4921 29.1074
rtoes -15.5575
lfemur -129.418 44.9392 -63.8274
ltibia 131.482
lfoot -4.92014 -32.0753
ltoes -10.8715
238
root -0.358213 10.4162 0.185166 240.106 109.725 215.466
lowerback 39.7091 -2.25148 9.82785
upperback 9.71321 2.63612 3.93059
thorax -8.11368 1.55716 -1.95275
lowerneck -17.6838 -14.5669 -5.81211
upperneck 2.87553 -19.0991 9.53808
head 5.09813 -8.99258 1.85752
rclavicle 2.54444e-014 -4.92986e-014
rhumerus 72.0015 -38.5985 -94.2854
rradius 32.0232
rwrist -164.689
rhand -27.6185 -4.8415
rfingers 7.12502
rthumb -1.01741 -34.8188
lclavicle 2.54444e-014 -4.92986e-014
lhumerus -37.6373 -4.09867 67.2674
lradius 89.288
lwrist 30.1287
lhand -26.8914 31.2131
lfingers 7.12502
lthumb -0.315177 61.1926
rfemur -126.152 -31.2977 29.6312
rtibia 129.825
rfoot -15.5381 29.2067
rtoes -15.4728
lfemur -129.9 45.412 -64.1683
ltibia 131.868
lfoot -4.63225 -32.4645
ltoes -10.2417
239
root -0.354319 10.3689 0.193521 240.273 109.652 215.855
lowerback 39.8947 -2.33687 9.89303
upperback 9.71835 2.60059 3.98162
thorax -8.16769 1.54151 -1.91695
lowerneck -17.5241 -14.5817 -5.87961
upperneck 2.6934 -19.1012 9.57084
head 5.02623 -9.0044 1.89229
rclavicle 3.81667e-014 1.90833e-014
rhumerus 72.8313 -38.7411 -95.231
rradius 31.7946
rwrist -164.514
rhand -27.8432 -4.94356
rfingers 7.12502
rthumb -1.23448 -34.9197
lclavicle 3.81667e-014 1.90833e-014
lhumerus -37.7884 -3.82347 67.2729
lradius 88.945
lwrist 30.6169
lhand -26.637 31.4676
lfingers 7.12502
lthumb -0.0694463 61.4473
rfemur -126.399 -31.6076 29.7627
rtibia 130.262
rfoot -15.6468 29.3098
rtoes -15.4959
lfemur -130.444 46.0759 -64.6068
ltibia 132.332
lfoot -4.07956 -33.1283
ltoes -8.94524
240
root -0.356086 10.3248 0.203785 240.39 109.599 216.171
lowerback 40.0819 -2.38528 9.85384
upperback 9.74195 2.57203 4.05587
thorax -8.20907 1.53012 -1.80674
lowerneck -17.4103 -14.5914 -5.92596
upperneck 2.55136 -19.1033 9.61296
head 4.97321 -9.01247 1.92257
rclavicle -1.90833e-014 1.59028e-014
rhumerus 73.7057 -38.7776 -96.2455
rradius 31.5902
rwrist -164.131
rhand -27.9025 -4.93367
rfingers 7.12502
rthumb -1.29178 -34.9095
lclavicle -1.90833e-014 1.59028e-014
lhumerus -37.9019 -3.51293 67.2522
lradius 88.6334
lwrist 31.0108
lhand -26.3062 31.7637
lfingers 7.12502
lthumb 0.249977 61.7433
rfemur -126.662 -31.8373 29.923
rtibia 130.674
rfoot -15.7361 29.3589
rtoes -15.7564
lfemur -131.05 46.8813 -65.0003
ltibia 132.885
lfoot -3.16666 -33.8664
ltoes -6.67001
241
root -0.361848 10.283 0.21353 240.516 109.659 216.469
lowerback 40.2198 -2.37581 9.70288
upperback 9.77242 2.55603 4.10876
thorax -8.23263 1.52493 -1.66861
lowerneck -17.3128 -14.6214 -6.08438
upperneck 2.47457 -19.1193 9.71337
head 4.96085 -9.02185 1.97796
rclavicle -1.27222e-014 7.95139e-015
rhumerus 74.403 -38.8154 -97.023
rradius 31.4088
rwrist -163.943
rhand -27.8843 -4.89634
rfingers 7.12502
rthumb -1.27418 -34.8723
lclavicle -1.27222e-014 7.95139e-015
lhumerus -38.0183 -3.22878 67.2422
lradius 88.2587
lwrist 31.335
lhand -26.3502 31.902
lfingers 7.12502
lthumb 0.207501 61.8816
rfemur -127.044 -32.0209 30.0569
rtibia 131.071
rfoot -15.6959 29.3959
rtoes -15.9698
lfemur -131.611 47.4941 -65.3984
ltibia 133.357
lfoot -2.51897 -34.3721
ltoes -4.90624
242
root -0.367298 10.2398 0.224241 240.696 109.718 216.75
lowerback 40.2666 -2.34697 9.56793
upperback 9.80385 2.55198 4.14595
thorax -8.22364 1.52593 -1.55982
lowerneck -17.3362 -14.6732 -6.2415
upperneck 2.52497 -19.169 9.81459
head 5.0092 -9.03909 2.01629
rclavicle 1.59028e-014 -7.95139e-015
rhumerus 75.087 -38.8838 -97.8195
rradius 31.2383
rwrist -163.746
rhand -28.0027 -5.00883
rfingers 7.12502
rthumb -1.38849 -34.9841
lclavicle 1.59028e-014 -7.95139e-015
lhumerus -38.0738 -3.02229 67.2437
lradius 87.8284
lwrist 31.6369
lhand -26.4374 32.516
lfingers 7.12502
lthumb 0.123265 62.4957
rfemur -127.522 -32.1448 30.1751
rtibia 131.456
rfoot -15.591 29.4319
rtoes -16.3312
lfemur -132.21 47.8194 -65.8373
ltibia 133.719
lfoot -2.42522 -34.6633
ltoes -4.86908
243
root -0.369609 10.1976 0.233038 240.719 109.625 216.861
lowerback 40.3456 -2.36284 9.59362
upperback 9.80154 2.5715 4.23797
thorax -8.25273 1.53353 -1.48224
lowerneck -17.3286 -14.7427 -6.39853
upperneck 2.5721 -19.2373 9.85162
head 5.04588 -9.07061 2.03603
rclavicle -6.36111e-015 -2.22639e-014
rhumerus 75.6706 -38.9353 -98.4966
rradius 31.0868
rwrist -163.602
rhand -28.0766 -5.09742
rfingers 7.12502
rthumb -1.45988 -35.0722
lclavicle -6.36111e-015 -2.22639e-014
lhumerus -38.2187 -2.81116 67.3119
lradius 87.4641
lwrist 31.977
lhand -26.4835 32.9549
lfingers 7.12502
lthumb 0.0787902 62.9346
rfemur -127.899 -32.2549 30.3577
rtibia 131.81
rfoot -15.4781 29.5242
rtoes -16.4152
lfemur -132.88 48.0747 -66.1884
ltibia 134.06
lfoot -2.53234 -34.9141
ltoes -5.79894
244
root -0.368985 10.1582 0.236845 240.944 109.502 217.275
lowerback 40.4545 -2.459 9.713
upperback 9.81467 2.53822 4.31616
thorax -8.27004 1.52047 -1.4445
lowerneck -17.2038 -14.8108 -6.55491
upperneck 2.47102 -19.3031 9.93176
head 5.0229 -9.10764 2.08142
rclavicle 3.18055e-015 6.20208e-014
rhumerus 75.9854 -39.013 -98.7756
rradius 30.982
rwrist -163.847
rhand -27.9442 -4.81726
rfingers 7.12502
rthumb -1.33204 -34.7928
lclavicle 3.18055e-015 6.20208e-014
lhumerus -38.3145 -2.69947 67.4373
lradius 87.1752
lwrist 32.5446
lhand -26.6983 33.1912
lfingers 7.12502
lthumb -0.128666 63.1709
rfemur -128.251 -32.6313 30.5734
rtibia 132.151
rfoot -15.3373 29.7305
rtoes -16.5398
lfemur -133.207 48.2351 -66.373
ltibia 134.323
lfoot -2.47683 -35.0641
ltoes -6.02771
245
root -0.368134 10.1241 0.241419 241.312 109.507 217.869
lowerback 40.5902 -2.55122 9.73224
upperback 9.83578 2.46538 4.33383
thorax -8.29285 1.49091 -1.40564
lowerneck -17.0428 -14.8598 -6.72924
upperneck 2.36554 -19.3497 10.0915
head 5.00284 -9.132 2.15645
rclavicle -4.77083e-014 -1.11319e-014
rhumerus 76.8053 -39.0621 -99.8516
rradius 30.8163
rwrist -163.525
rhand -27.9114 -4.80095
rfingers 7.12502
rthumb -1.30034 -34.7767
lclavicle -4.77083e-014 -1.11319e-014
lhumerus -38.3809 -2.64774 67.5514
lradius 86.8798
lwrist 33.2369
lhand -26.9293 33.5848
lfingers 7.12502
lthumb -0.351825 63.5643
rfemur -128.638 -33.0955 30.7238
rtibia 132.494
rfoot -15.1497 30.0056
rtoes -16.5637
lfemur -133.297 48.279 -66.5578
ltibia 134.453
lfoot -2.46825 -35.0208
ltoes -6.21576
246
root -0.371367 10.0934 0.250546 241.484 109.511 218.289
lowerback 40.8476 -2.59773 9.63934
upperback 9.82844 2.42701 4.3934
thorax -8.39244 1.47174 -1.28044
lowerneck -16.8297 -14.8834 -6.91294
upperneck 2.2422 -19.3602 10.2321
head 4.9655 -9.14225 2.2361
rclavicle -3.81667e-014 -3.33958e-014
rhumerus 77.7353 -39.0486 -101.085
rradius 30.5974
rwrist -163.027
rhand -28.0785 -4.96373
rfingers 7.12502
rthumb -1.46169 -34.9385
lclavicle -3.81667e-014 -3.33958e-014
lhumerus -38.5033 -2.51479 67.6329
lradius 86.4802
lwrist 33.7763
lhand -27.0669 33.9626
lfingers 7.12502
lthumb -0.484717 63.9418
rfemur -128.907 -33.4609 30.8267
rtibia 132.84
rfoot -15.0046 30.2583
rtoes -16.5306
lfemur -133.432 48.3888 -66.6821
ltibia 134.538
lfoot -2.26424 -35.0064
ltoes -6.18107
247
root -0.375996 10.0593 0.259328 241.666 109.565 218.585
lowerback 40.9695 -2.57694 9.4842
upperback 9.81817 2.41819 4.44321
thorax -8.45507 1.46557 -1.14687
lowerneck -16.6534 -14.9113 -7.09337
upperneck 2.12143 -19.3828 10.4422
head 4.94331 -9.15307 2.33087
rclavicle -3.18055e-014 -8.5875e-014
rhumerus 78.3827 -39.0377 -101.956
rradius 30.4526
rwrist -162.754
rhand -28.1985 -4.68139
rfingers 7.12502
rthumb -1.57766 -34.6553
lclavicle -3.18055e-014 -8.5875e-014
lhumerus -38.62 -2.36204 67.654
lradius 86.0011
lwrist 34.0361
lhand -27.1983 33.9824
lfingers 7.12502
lthumb -0.611628 63.9613
rfemur -129.291 -33.6524 30.9074
rtibia 133.143
rfoot -14.653 30.4555
rtoes -16.0532
lfemur -133.858 48.5019 -66.9706
ltibia 134.745
lfoot -2.08603 -35.0505
ltoes -6.10101
248
root -0.377622 10.0256 0.26456 241.848 109.524 218.933
lowerback 41.072 -2.65026 9.52066
upperback 9.86771 2.368 4.4544
thorax -8.43181 1.44925 -1.13163
lowerneck -16.7679 -14.9735 -7.12307
upperneck 2.18589 -19.469 10.5409
head 5.0016 -9.18397 2.34083
rclavicle -3.18055e-015 1.59028e-014
rhumerus 78.9882 -39.0784 -102.719
rradius 30.3372
rwrist -162.654
rhand -28.3318 -4.46636
rfingers 7.12502
rthumb -1.70638 -34.4393
lclavicle -3.18055e-015 1.59028e-014
lhumerus -38.6055 -2.24863 67.6372
lradius 85.5712
lwrist 34.292
lhand -27.0639 33.8443
lfingers 7.12502
lthumb -0.48184 63.8235
rfemur -129.583 -33.9853 31.0848
rtibia 133.437
rfoot -14.44 30.693
rtoes -15.5262
lfemur -134.229 48.7401 -67.2516
ltibia 135.005
lfoot -2.04023 -35.1934
ltoes -6.15509
249
root -0.37635 9.99667 0.267917 242.092 109.487 219.423
lowerback 41.1987 -2.7525 9.5903
upperback 9.95451 2.30129 4.45582
thorax -8.37213 1.43035 -1.13582
lowerneck -16.8848 -15.0431 -7.12444
upperneck 2.18242 -19.5627 10.6131
head 5.03372 -9.22221 2.34118
rclavicle 1.27222e-014 -1.43125e-014
rhumerus 79.8224 -39.1273 -103.77
rradius 30.1867
rwrist -162.428
rhand -28.4802 -4.69704
rfingers 7.12502
rthumb -1.84967 -34.6688
lclavicle 1.27222e-014 -1.43125e-014
lhumerus -38.519 -2.17034 67.6702
lradius 85.2175
lwrist 34.7037
lhand -26.7635 33.7757
lfingers 7.12502
lthumb -0.191712 63.7553
rfemur -129.873 -34.4948 31.353
rtibia 133.75
rfoot -14.582 30.9511
rtoes -15.6276
lfemur -134.403 49.0486 -67.5001
ltibia 135.23
lfoot -1.98821 -35.3989
ltoes -5.93157
250
root -0.377787 9.96531 0.276792 242.239 109.483 219.719
lowerback 41.3142 -2.74199 9.53248
upperback 9.96642 2.31952 4.50735
thorax -8.39918 1.43945 -1.05908
lowerneck -16.7835 -15.0998 -7.16629
upperneck 2.0995 -19.6356 10.6703
head 5.00841 -9.26202 2.36221
rclavicle -2.54444e-014 -6.20208e-014
rhumerus 80.4122 -39.2089 -104.505
rradius 30.0396
rwrist -162.333
rhand -28.4643 -5.08531
rfingers 7.12502
rthumb -1.83436 -35.0572
lclavicle -2.54444e-014 -6.20208e-014
lhumerus -38.5297 -2.09874 67.7163
lradius 84.8287
lwrist 35.0275
lhand -26.384 33.7146
lfingers 7.12502
lthumb 0.174853 63.6943
rfemur -130.206 -34.7442 31.6249
rtibia 134.051
rfoot -14.616 30.9711
rtoes -15.6379
lfemur -134.766 49.3139 -67.8088
ltibia 135.455
lfoot -1.97767 -35.5679
ltoes -5.89599
251
root -0.37852 9.93075 0.285829 242.405 109.457 220.017
lowerback 41.3552 -2.73551 9.43766
upperback 9.96887 2.31316 4.60273
thorax -8.42038 1.4361 -0.907514
lowerneck -16.4941 -15.1459 -7.3615
upperneck 1.93422 -19.6804 10.8531
head 4.95577 -9.29167 2.45688
rclavicle -2.8625e-014 5.08889e-014
rhumerus 80.9615 -39.2164 -105.26
rradius 29.898
rwrist -162.205
rhand -28.3547 -5.39225
rfingers 7.12502
rthumb -1.72847 -35.365
lclavicle -2.8625e-014 5.08889e-014
lhumerus -38.7125 -2.04799 67.8385
lradius 84.5758
lwrist 35.4735
lhand -26.5631 33.8356
lfingers 7.12502
lthumb 0.00189052 63.8153
rfemur -130.567 -34.9886 31.8988
rtibia 134.361
rfoot -14.6776 30.9872
rtoes -15.6844
lfemur -135.268 49.7298 -68.2183
ltibia 135.792
lfoot -2.15165 -35.9488
ltoes -6.01872
252
root -0.377258 9.90091 0.291879 242.537 109.333 220.324
lowerback 41.4554 -2.80117 9.49821
upperback 9.98197 2.29425 4.69088
thorax -8.43737 1.42918 -0.834938
lowerneck -16.3961 -15.2101 -7.4388
upperneck 1.88624 -19.7578 10.8957
head 4.9441 -9.33352 2.47604
rclavicle -7.63333e-014 9.54166e-015
rhumerus 81.4727 -39.2542 -105.945
rradius 29.7965
rwrist -162.182
rhand -28.1329 -5.37406
rfingers 7.12502
rthumb -1.5143 -35.3484
lclavicle -7.63333e-014 9.54166e-015
lhumerus -38.8738 -2.05262 67.9914
lradius 84.3629
lwrist 35.916
lhand -26.6743 33.9363
lfingers 7.12502
lthumb -0.10556 63.9161
rfemur -130.822 -35.3572 32.2417
rtibia 134.641
rfoot -14.7606 31.0743
rtoes -15.6733
lfemur -135.765 50.333 -68.6189
ltibia 136.188
lfoot -2.29286 -36.5168
ltoes -6.09921
253
root -0.376928 9.87144 0.296856 242.721 109.253 220.631
lowerback 41.5271 -2.84808 9.53532
upperback 9.99724 2.27974 4.75872
thorax -8.44353 1.42451 -0.774283
lowerneck -16.2977 -15.2669 -7.56098
upperneck 1.77284 -19.8203 11.0317
head 4.92598 -9.36537 2.53169
rclavicle -3.81667e-014 5.24792e-014
rhumerus 82.0315 -39.2717 -106.688
rradius 29.6867
rwrist -162.161
rhand -27.8916 -5.37354
rfingers 7.12502
rthumb -1.28117 -35.3494
lclavicle -3.81667e-014 5.24792e-014
lhumerus -38.9743 -2.03138 68.0988
lradius 84.0436
lwrist 36.0216
lhand -26.4922 33.823
lfingers 7.12502
lthumb 0.0703778 63.8028
rfemur -131.123 -35.7016 32.5098
rtibia 134.917
rfoot -14.6962 31.2904
rtoes -15.4093
lfemur -136.149 50.5733 -68.9175
ltibia 136.416
lfoot -2.24628 -36.7053
ltoes -6.19393
254
root -0.379352 9.84191 0.303283 242.917 109.236 220.903
lowerback 41.5862 -2.86025 9.43855
upperback 10.0066 2.25214 4.84709
thorax -8.46313 1.41211 -0.620251
lowerneck -16.2342 -15.3197 -7.80601
upperneck 1.73673 -19.8633 11.2258
head 4.95438 -9.38101 2.61622
rclavicle 4.13472e-014 -9.54166e-015
rhumerus 82.7698 -39.1538 -107.707
rradius 29.5518
rwrist -161.993
rhand -27.8448 -5.30656
rfingers 7.12502
rthumb -1.23599 -35.2827
lclavicle 4.13472e-014 -9.54166e-015
lhumerus -39.092 -1.83896 68.1838
lradius 83.6163
lwrist 35.8606
lhand -26.4359 33.612
lfingers 7.12502
lthumb 0.124726 63.5917
rfemur -131.538 -35.9418 32.746
rtibia 135.205
rfoot -14.6459 31.4637
rtoes -15.727
lfemur -136.413 50.4636 -69.0986
ltibia 136.482
lfoot -2.17007 -36.5539
ltoes -6.61908
255
root -0.382252 9.81139 0.3105 243.155 109.279 221.253
lowerback 41.6838 -2.82183 9.28421
upperback 10.0012 2.26369 4.91784
thorax -8.51183 1.41576 -0.472723
lowerneck -16.1715 -15.4036 -7.97593
upperneck 1.70601 -19.96 11.3834
head 4.978 -9.42463 2.67324
rclavicle -3.18055e-015 -3.65764e-014
rhumerus 83.4657 -39.1582 -108.713
rradius 29.4565
rwrist -161.832
rhand -27.7012 -5.16699
rfingers 7.12502
rthumb -1.09728 -35.1439
lclavicle -3.18055e-015 -3.65764e-014
lhumerus -39.1944 -1.79971 68.2727
lradius 83.2494
lwrist 35.7921
lhand -26.4197 33.7671
lfingers 7.12502
lthumb 0.14043 63.7468
rfemur -132.009 -36.1877 32.9944
rtibia 135.484
rfoot -14.6459 31.638
rtoes -16.2752
lfemur -136.71 50.5179 -69.4266
ltibia 136.614
lfoot -2.25302 -36.4977
ltoes -7.11943
256
root -0.386506 9.77801 0.317931 243.328 109.316 221.571
lowerback 41.7693 -2.79242 9.10792
upperback 10.0476 2.25385 4.98434
thorax -8.50073 1.41534 -0.309359
lowerneck -16.2327 -15.4424 -8.06454
upperneck 1.68442 -19.9994 11.4888
head 5.00465 -9.43726 2.70512
rclavicle 2.22639e-014 -1.43125e-014
rhumerus 84.0711 -39.1159 -109.548
rradius 29.3046
rwrist -161.861
rhand -27.2844 -5.05194
rfingers 7.12502
rthumb -0.694767 -35.0305
lclavicle 2.22639e-014 -1.43125e-014
lhumerus -39.2668 -1.70764 68.3322
lradius 82.9617
lwrist 35.8901
lhand -26.273 34.0318
lfingers 7.12502
lthumb 0.282066 64.0114
rfemur -132.436 -36.4481 33.2161
rtibia 135.747
rfoot -14.3435 31.9418
rtoes -15.9163
lfemur -137.142 50.7543 -69.8082
ltibia 136.838
lfoot -2.10815 -36.6556
ltoes -6.97575
257
root -0.388549 9.74562 0.325483 243.636 109.413 221.955
lowerback 41.7453 -2.77274 8.9683
upperback 10.092 2.21558 4.96343
thorax -8.45329 1.40353 -0.246551
lowerneck -16.1584 -15.4571 -8.10987
upperneck 1.56641 -20.0223 11.6627
head 4.98367 -9.44637 2.76574
rclavicle 5.40694e-014 5.24792e-014
rhumerus 84.8059 -39.1141 -110.646
rradius 29.1425
rwrist -161.87
rhand -26.9075 -5.01593
rfingers 7.12502
rthumb -0.330727 -34.9954
lclavicle 5.40694e-014 5.24792e-014
lhumerus -39.3053 -1.62453 68.2916
lradius 82.7627
lwrist 36.0465
lhand -25.8805 34.4516
lfingers 7.12502
lthumb 0.661182 64.4303
rfemur -132.993 -36.7279 33.4351
rtibia 136.032
rfoot -14.1078 32.1938
rtoes -15.7443
lfemur -137.515 50.8572 -70.1855
ltibia 137.03
lfoot -2.05938 -36.7296
ltoes -6.86979
258
root -0.388611 9.7178 0.333045 243.661 109.317 222.09
lowerback 41.7653 -2.82116 9.02222
upperback 10.1219 2.19054 4.98827
thorax -8.42437 1.39618 -0.235956
lowerneck -16.038 -15.4781 -8.20551
upperneck 1.50414 -20.0508 11.8267
head 4.97739 -9.45896 2.82978
rclavicle -1.90833e-014 2.70347e-014
rhumerus 86.0391 -38.9948 -112.493
rradius 28.8863
rwrist -161.306
rhand -26.8598 -5.29252
rfingers 7.12502
rthumb -0.284644 -35.2721
lclavicle -1.90833e-014 2.70347e-014
lhumerus -39.4026 -1.52332 68.2565
lradius 82.4413
lwrist 36.0238
lhand -25.6248 34.5594
lfingers 7.12502
lthumb 0.908169 64.5372
rfemur -133.36 -36.9506 33.7771
rtibia 136.307
rfoot -14.028 32.2882
rtoes -15.7447
lfemur -138.066 51.1595 -70.5765
ltibia 137.236
lfoot -1.96076 -36.9492
ltoes -6.70399
259
root -0.389335 9.69024 0.33908 243.827 109.25 222.459
lowerback 41.8542 -2.88903 9
upperback 10.1401 2.13066 5.05514
thorax -8.4375 1.37162 -0.128148
lowerneck -15.9457 -15.5024 -8.42901
upperneck 1.54797 -20.0658 11.9819
head 5.0185 -9.46107 2.90328
rclavicle 6.99722e-014 6.67916e-014
rhumerus 87.0229 -38.8364 -114.052
rradius 28.7216
rwrist -160.791
rhand -26.9595 -5.53455
rfingers 7.12502
rthumb -0.380978 -35.514
lclavicle 6.99722e-014 6.67916e-014
lhumerus -39.5972 -1.34917 68.2952
lradius 82.081
lwrist 35.9029
lhand -25.6129 34.2789
lfingers 7.12502
lthumb 0.919625 64.2567
rfemur -133.734 -37.3272 34.1028
rtibia 136.605
rfoot -14.1367 32.4172
rtoes -16.3174
lfemur -138.46 51.5039 -70.9381
ltibia 137.464
lfoot -1.96362 -37.1848
ltoes -6.81297
260
root -0.390984 9.66402 0.345027 244.095 109.273 222.962
lowerback 41.9845 -2.92066 8.89652
upperback 10.1634 2.08497 5.10945
thorax -8.46098 1.35384 0.000967424
lowerneck -15.8215 -15.5329 -8.58524
upperneck 1.4754 -20.0888 12.0802
head 5.00561 -9.47545 2.95798
rclavicle -1.59028e-014 1.90833e-014
rhumerus 87.8823 -38.753 -115.439
rradius 28.6346
rwrist -160.483
rhand -26.9787 -5.56329
rfingers 7.12502
rthumb -0.399498 -35.5427
lclavicle -1.59028e-014 1.90833e-014
lhumerus -39.7176 -1.22225 68.3759
lradius 81.8258
lwrist 35.775
lhand -25.5719 34.2703
lfingers 7.12502
lthumb 0.959188 64.2479
rfemur -134.049 -37.7561 34.286
rtibia 136.863
rfoot -14.1205 32.6459
rtoes -16.6211
lfemur -138.786 51.9944 -71.3721
ltibia 137.736
lfoot -1.92979 -37.5907
ltoes -6.67603
261
root -0.385961 9.63683 0.350877 244.423 109.354 223.463
lowerback 41.9909 -2.92228 8.78588
upperback 10.2083 2.04583 5.12779
thorax -8.42163 1.34166 0.0919391
lowerneck -15.7651 -15.5689 -8.68131
upperneck 1.39179 -20.1254 12.1814
head 4.99551 -9.49378 3.00001
rclavicle -4.45278e-014 -5.40694e-014
rhumerus 89.0428 -38.657 -117.222
rradius 28.4994
rwrist -160.057
rhand -27.2996 -5.53593
rfingers 7.12502
rthumb -0.709413 -35.5145
lclavicle -4.45278e-014 -5.40694e-014
lhumerus -39.7589 -1.15748 68.4463
lradius 81.5162
lwrist 35.6153
lhand -25.5981 34.2961
lfingers 7.12502
lthumb 0.933915 64.2738
rfemur -134.431 -38.21 34.5453
rtibia 137.109
rfoot -14.2654 32.8981
rtoes -17.0087
lfemur -139.324 52.6698 -72.0555
ltibia 138.101
lfoot -1.75075 -38.1499
ltoes -5.82554
262
root -0.378665 9.60733 0.358243 244.61 109.4 223.766
lowerback 41.9395 -2.88977 8.57542
upperback 10.2352 2.00874 5.22724
thorax -8.39545 1.32645 0.318028
lowerneck -15.8121 -15.5496 -8.86684
upperneck 1.52951 -20.0754 12.2117
head 5.06248 -9.46136 3.03061
rclavicle -7.95139e-014 -3.33958e-014
rhumerus 89.8536 -38.4605 -118.601
rradius 28.3145
rwrist -159.978
rhand -27.6319 -5.44603
rfingers 7.12502
rthumb -1.03044 -35.4233
lclavicle -7.95139e-014 -3.33958e-014
lhumerus -39.9531 -0.930932 68.52
lradius 81.1481
lwrist 35.4652
lhand -25.5988 34.1007
lfingers 7.12502
lthumb 0.933278 64.0784
rfemur -134.832 -38.5511 34.8336
rtibia 137.374
rfoot -14.4109 33.1161
rtoes -17.5911
lfemur -139.858 53.0482 -72.608
ltibia 138.321
lfoot -1.40329 -38.4097
ltoes -5.05358
263
root -0.376819 9.58172 0.364228 244.637 109.338 223.956
lowerback 42.0296 -2.91021 8.50858
upperback 10.2326 1.99347 5.34854
thorax -8.43573 1.31828 0.488007
lowerneck -15.8064 -15.5225 -9.02597
upperneck 1.59261 -20.0083 12.1524
head 5.08279 -9.43004 3.04171
rclavicle -2.8625e-014 3.65764e-014
rhumerus 90.4375 -38.327 -119.616
rradius 28.1593
rwrist -160.162
rhand -27.8458 -5.36962
rfingers 7.12502
rthumb -1.23699 -35.3458
lclavicle -2.8625e-014 3.65764e-014
lhumerus -40.185 -0.659405 68.5845
lradius 80.8899
lwrist 35.3729
lhand -25.4907 34.0598
lfingers 7.12502
lthumb 1.03764 64.0371
rfemur -135.068 -38.777 35.0661
rtibia 137.609
rfoot -14.5542 33.1804
rtoes -18.2088
lfemur -140.207 53.1484 -72.9025
ltibia 138.383
lfoot -1.27246 -38.3819
ltoes -4.93068
264
root -0.378444 9.55675 0.369008 244.805 109.288 224.241
lowerback 42.0398 -2.95571 8.57876
upperback 10.2348 1.97478 5.35882
thorax -8.43303 1.31159 0.471876
lowerneck -15.7433 -15.488 -8.9877
upperneck 1.52916 -19.9611 12.0826
head 5.03683 -9.41481 3.03075
rclavicle 6.36111e-015 5.40694e-014
rhumerus 91.0959 -38.3645 -120.663
rradius 28.0053
rwrist -160.349
rhand -28.1244 -5.25011
rfingers 7.12502
rthumb -1.50608 -35.2245
lclavicle 6.36111e-015 5.40694e-014
lhumerus -40.2677 -0.542576 68.5408
lradius 80.6695
lwrist 35.2139
lhand -25.6373 34.1808
lfingers 7.12502
lthumb 0.896014 64.1586
rfemur -135.371 -39.0142 35.3117
rtibia 137.824
rfoot -14.4722 33.2912
rtoes -18.1451
lfemur -140.624 53.2225 -73.2376
ltibia 138.5
lfoot -0.969092 -38.3465
ltoes -4.4624
265
root -0.382757 9.52856 0.375087 245.02 109.352 224.565
lowerback 42.061 -2.92503 8.4167
upperback 10.2232 1.95898 5.41735
thorax -8.46561 1.30289 0.621552
lowerneck -15.664 -15.4533 -9.11182
upperneck 1.51432 -19.8934 12.0659
head 5.02339 -9.38626 3.05726
rclavicle 4.77083e-014 -9.54166e-015
rhumerus 91.8222 -38.2496 -121.858
rradius 27.8221
rwrist -160.353
rhand -28.5334 -5.06094
rfingers 7.12502
rthumb -1.90111 -35.0322
lclavicle 4.77083e-014 -9.54166e-015
lhumerus -40.4052 -0.315181 68.5564
lradius 80.3674
lwrist 34.8198
lhand -25.9224 34.3923
lfingers 7.12502
lthumb 0.620741 64.3711
rfemur -135.748 -39.1975 35.4654
rtibia 138.051
rfoot -14.3533 33.3812
rtoes -18.158
lfemur -141.085 53.3712 -73.694
ltibia 138.683
lfoot -0.831007 -38.3557
ltoes -4.21384
266
root -0.386205 9.50119 0.381515 245.197 109.41 224.847
lowerback 42.1053 -2.87141 8.29313
upperback 10.1392 1.98253 5.44556
thorax -8.58201 1.30561 0.702875
lowerneck -15.3201 -15.4035 -9.16629
upperneck 1.39527 -19.8315 12.0636
head 4.93318 -9.37323 3.09929
rclavicle -1.27222e-014 -1.59028e-014
rhumerus 92.3926 -38.2935 -122.944
rradius 27.6598
rwrist -160.337
rhand -28.7889 -4.75521
rfingers 7.12502
rthumb -2.14779 -34.7241
lclavicle -1.27222e-014 -1.59028e-014
lhumerus -40.6151 -0.221638 68.5347
lradius 79.9985
lwrist 34.5781
lhand -25.7569 34.461
lfingers 7.12502
lthumb 0.780523 64.4393
rfemur -136.139 -39.356 35.5984
rtibia 138.304
rfoot -14.2517 33.396
rtoes -18.204
lfemur -141.425 53.4736 -74.0368
ltibia 138.852
lfoot -1.00989 -38.3623
ltoes -4.58949
267
root -0.388579 9.48301 0.388128 245.246 109.406 225.086
lowerback 42.2415 -2.82549 8.50188
upperback 9.93072 2.11856 5.30972
thorax -8.83443 1.35003 0.395315
lowerneck -14.4233 -15.3853 -8.95629
upperneck 1.07181 -19.8894 12.1286
head 4.69029 -9.4431 3.15401
rclavicle 2.22639e-014 -1.74931e-014
rhumerus 93.0354 -38.9008 -124.142
rradius 27.5182
rwrist -160.345
rhand -29.1198 -4.34976
rfingers 7.12502
rthumb -2.46745 -34.3152
lclavicle 2.22639e-014 -1.74931e-014
lhumerus -40.8058 -0.798481 68.3758
lradius 79.4994
lwrist 34.4612
lhand -25.443 33.9168
lfingers 7.12502
lthumb 1.08367 63.8938
rfemur -136.44 -39.7031 35.8693
rtibia 138.527
rfoot -13.9137 33.6308
rtoes -17.4699
lfemur -141.651 53.7455 -74.3368
ltibia 138.952
lfoot -1.07342 -38.4886
ltoes -4.75462
268
root -0.393458 9.46727 0.395099 245.155 109.33 225.122
lowerback 42.1976 -2.68459 9.42589
upperback 10.311 2.569 4.71427
thorax -8.28099 1.60454 -0.881414
lowerneck -16.2718 -15.8269 -6.95181
upperneck 1.36898 -20.7262 11.7513
head 4.89826 -9.78612 2.54847
rclavicle -9.54166e-015 7.95139e-015
rhumerus 96.0221 -39.8524 -127.191
rradius 27.5671
rwrist -160.252
rhand -29.5301 -3.8709
rfingers 7.12502
rthumb -2.86366 -33.8314
lclavicle -9.54166e-015 7.95139e-015
lhumerus -38.8786 -2.3642 67.8117
lradius 78.7885
lwrist 34.3992
lhand -25.2333 33.5087
lfingers 7.12502
lthumb 1.28625 63.4846
rfemur -136.791 -39.9487 36.3738
rtibia 138.691
rfoot -13.8266 33.8018
rtoes -17.2637
lfemur -142.097 53.992 -74.6468
ltibia 139.076
lfoot -0.910943 -38.5838
ltoes -4.63076
269
root -0.394569 9.44711 0.401152 245.23 109.324 225.301
lowerback 42.2007 -2.67429 9.38899
upperback 10.3485 2.57355 4.7431
thorax -8.24372 1.61087 -0.833641
lowerneck -16.4286 -15.862 -7.02969
upperneck 1.45825 -20.7622 11.798
head 4.96614 -9.79158 2.55148
rclavicle 0 -3.18055e-015
rhumerus 96.4131 -39.7634 -127.886
rradius 27.5062
rwrist -160.257
rhand -29.8366 -3.57901
rfingers 7.12502
rthumb -3.1597 -33.5353
lclavicle 0 -3.18055e-015
lhumerus -38.8989 -2.22941 67.8219
lradius 78.5765
lwrist 34.3932
lhand -24.8984 33.7023
lfingers 7.12502
lthumb 1.60972 63.676
rfemur -137.186 -40.1618 36.7408
rtibia 138.855
rfoot -13.6932 33.9265
rtoes -17.3871
lfemur -142.55 54.2537 -75.054
ltibia 139.236
lfoot -0.522256 -38.6834
ltoes -3.69504
270
root -0.391388 9.42736 0.405134 245.48 109.326 225.674
lowerback 42.1597 -2.67029 9.39032
upperback 10.3754 2.57934 4.76659
thorax -8.20248 1.61767 -0.811304
lowerneck -16.4966 -15.8921 -7.11442
upperneck 1.48598 -20.7914 11.8681
head 5.00443 -9.79827 2.57133
rclavicle 4.45278e-014 1.90833e-014
rhumerus 96.5838 -39.8523 -128.237
rradius 27.4922
rwrist -160.473
rhand -30.1491 -3.29458
rfingers 7.12502
rthumb -3.46149 -33.2462
lclavicle 4.45278e-014 1.90833e-014
lhumerus -38.9102 -2.15864 67.8678
lradius 78.3581
lwrist 34.5104
lhand -24.8316 33.7708
lfingers 7.12502
lthumb 1.67419 63.7439
rfemur -137.547 -40.4798 36.9948
rtibia 139.036
rfoot -13.5874 34.0935
rtoes -17.3093
lfemur -142.881 54.4895 -75.4665
ltibia 139.406
lfoot -0.429949 -38.8003
ltoes -2.74146
271
root -0.39145 9.41274 0.410054 245.613 109.256 225.902
lowerback 42.1107 -2.6562 9.43026
upperback 10.401 2.61755 4.83121
thorax -8.15837 1.6382 -0.777239
lowerneck -16.5812 -15.9012 -7.05929
upperneck 1.45618 -20.7974 11.7731
head 4.99076 -9.80402 2.53318
rclavicle -3.18055e-014 -4.77083e-014
rhumerus 96.9223 -39.8634 -128.762
rradius 27.4378
rwrist -160.413
rhand -30.5325 -3.28502
rfingers 7.12502
rthumb -3.83165 -33.2303
lclavicle -3.18055e-014 -4.77083e-014
lhumerus -38.9038 -2.05664 67.9278
lradius 77.9705
lwrist 34.4644
lhand -24.9078 33.5055
lfingers 7.12502
lthumb 1.60063 63.4792
rfemur -137.789 -40.7017 37.2643
rtibia 139.169
rfoot -13.4625 34.2478
rtoes -17.1288
lfemur -143.232 54.6794 -75.7822
ltibia 139.534
lfoot -0.209281 -38.8981
ltoes -2.0695
272
root -0.395742 9.40254 0.417021 245.695 109.235 226.053
lowerback 42.1504 -2.63818 9.4522
upperback 10.3747 2.65495 4.83143
thorax -8.19625 1.65281 -0.803665
lowerneck -16.6294 -15.9037 -7.00006
upperneck 1.44569 -20.8061 11.7501
head 4.98672 -9.80751 2.51563
rclavicle -3.18055e-014 1.43125e-014
rhumerus 97.5268 -39.7871 -129.758
rradius 27.3925
rwrist -160.042
rhand -30.9389 -3.29624
rfingers 7.12502
rthumb -4.22417 -33.2341
lclavicle -3.18055e-014 1.43125e-014
lhumerus -38.9268 -2.00558 67.8763
lradius 77.6928
lwrist 34.4021
lhand -25.1383 33.5008
lfingers 7.12502
lthumb 1.37799 63.4761
rfemur -137.997 -40.8168 37.5125
rtibia 139.273
rfoot -13.4967 34.2919
rtoes -17.2231
lfemur -143.492 54.7859 -76.0068
ltibia 139.603
lfoot 0.00427437 -38.8999
ltoes -1.80769
273
root -0.400326 9.39178 0.424255 245.872 109.306 226.253
lowerback 42.1231 -2.62102 9.37655
upperback 10.3574 2.6358 4.80457
thorax -8.21263 1.6428 -0.787796
lowerneck -16.661 -15.8888 -6.99398
upperneck 1.42693 -20.7825 11.7402
head 4.98178 -9.79555 2.51422
rclavicle -6.36111e-015 6.67916e-014
rhumerus 98.2271 -39.5588 -131.02
rradius 27.3266
rwrist -159.522
rhand -31.4383 -3.50654
rfingers 7.12502
rthumb -4.70633 -33.4343
lclavicle -6.36111e-015 6.67916e-014
lhumerus -38.9961 -1.88525 67.7942
lradius 77.5214
lwrist 34.4784
lhand -25.4283 33.7677
lfingers 7.12502
lthumb 1.09794 63.7446
rfemur -138.237 -40.8593 37.5948
rtibia 139.385
rfoot -13.4731 34.2988
rtoes -17.2598
lfemur -143.634 54.7379 -76.1724
ltibia 139.666
lfoot -0.124378 -38.7977
ltoes -2.19751
274
root -0.400124 9.38351 0.429696 245.961 109.263 226.411
lowerback 42.0397 -2.68504 9.46806
upperback 10.3942 2.58237 4.77448
thorax -8.14113 1.62522 -0.84271
lowerneck -16.6634 -15.8638 -6.99512
upperneck 1.36928 -20.7473 11.7858
head 4.967 -9.77755 2.53425
rclavicle -3.18055e-014 -6.36111e-015
rhumerus 98.897 -39.31 -132.263
rradius 27.2582
rwrist -159.179
rhand -32.0217 -3.55208
rfingers 7.12502
rthumb -5.26964 -33.4666
lclavicle -3.18055e-014 -6.36111e-015
lhumerus -39.0179 -1.835 67.7226
lradius 77.2456
lwrist 34.648
lhand -25.3907 33.8499
lfingers 7.12502
lthumb 1.13427 63.8266
rfemur -138.315 -40.9819 37.6838
rtibia 139.505
rfoot -13.3682 34.3021
rtoes -16.9509
lfemur -143.802 54.8189 -76.2627
ltibia 139.758
lfoot -0.289588 -38.7922
ltoes -2.57659
275
root -0.398582 9.37441 0.435457 245.956 109.167 226.469
lowerback 41.9782 -2.72373 9.58757
upperback 10.381 2.57582 4.7674
thorax -8.12939 1.62275 -0.906891
lowerneck -16.5513 -15.8593 -6.96145
upperneck 1.29296 -20.7491 11.8123
head 4.92644 -9.78415 2.54792
rclavicle -7.95139e-014 -9.06458e-014
rhumerus 99.5755 -39.1587 -133.528
rradius 27.1198
rwrist -159.053
rhand -32.5851 -3.42791
rfingers 7.12502
rthumb -5.81365 -33.3282
lclavicle -7.95139e-014 -9.06458e-014
lhumerus -39.0963 -1.84733 67.6641
lradius 76.8871
lwrist 34.6118
lhand -25.6105 33.4824
lfingers 7.12502
lthumb 0.921935 63.4602
rfemur -138.292 -41.0628 37.793
rtibia 139.604
rfoot -13.2268 34.2783
rtoes -16.4443
lfemur -144.093 54.9719 -76.4295
ltibia 139.855
lfoot -0.375723 -38.8778
ltoes -2.61491
276
root -0.400549 9.36744 0.440914 246.031 109.064 226.575
lowerback 41.9643 -2.7544 9.64502
upperback 10.2936 2.5715 4.83397
thorax -8.22359 1.61103 -0.863962
lowerneck -16.247 -15.8498 -7.16301
upperneck 1.1718 -20.7125 11.9195
head 4.87264 -9.77763 2.63274
rclavicle 2.54444e-014 3.81667e-014
rhumerus 100.1 -39.0078 -134.659
rradius 26.9821
rwrist -159.106
rhand -33.1645 -3.28855
rfingers 7.12502
rthumb -6.37304 -33.1727
lclavicle 2.54444e-014 3.81667e-014
lhumerus -39.314 -1.72016 67.6886
lradius 76.4848
lwrist 34.4282
lhand -25.6216 32.9593
lfingers 7.12502
lthumb 0.91122 62.9371
rfemur -138.299 -41.1002 37.8577
rtibia 139.682
rfoot -13.2183 34.2564
rtoes -16.3813
lfemur -144.144 54.9997 -76.3358
ltibia 139.893
lfoot -0.057666 -38.888
ltoes -1.82558
277
root -0.402292 9.36349 0.446592 246.027 108.931 226.639
lowerback 42.0238 -2.80056 9.72907
upperback 10.2309 2.57402 4.90733
thorax -8.30976 1.60497 -0.828864
lowerneck -16.0826 -15.8402 -7.31795
upperneck 1.10406 -20.6799 11.9981
head 4.84879 -9.76679 2.69185
rclavicle -1.90833e-014 -6.04305e-014
rhumerus 100.304 -38.9772 -135.32
rradius 26.942
rwrist -159.605
rhand -33.7365 -3.03562
rfingers 7.12502
rthumb -6.92517 -32.9023
lclavicle -1.90833e-014 -6.04305e-014
lhumerus -39.478 -1.60772 67.7422
lradius 76.1672
lwrist 34.331
lhand -25.4144 32.6104
lfingers 7.12502
lthumb 1.11132 62.5873
rfemur -138.168 -41.1443 37.8634
rtibia 139.731
rfoot -13.243 34.2729
rtoes -16.2815
lfemur -144.227 55.0817 -76.2858
ltibia 139.925
lfoot -0.0672022 -38.9385
ltoes -1.78248
278
root -0.404236 9.36566 0.452267 246.076 108.871 226.724
lowerback 42.0586 -2.7911 9.80638
upperback 10.2045 2.62424 4.91358
thorax -8.34199 1.62527 -0.881215
lowerneck -16.0304 -15.8492 -7.22467
upperneck 0.969767 -20.6999 11.9965
head 4.7912 -9.78381 2.68636
rclavicle -6.04305e-014 -4.77083e-015
rhumerus 100.551 -39.0805 -135.892
rradius 26.9387
rwrist -160.266
rhand -34.2948 -2.91685
rfingers 7.12502
rthumb -7.46411 -32.7652
lclavicle -6.04305e-014 -4.77083e-015
lhumerus -39.4525 -1.68864 67.7862
lradius 75.8179
lwrist 34.2449
lhand -25.3292 32.3672
lfingers 7.12502
lthumb 1.19364 62.3436
rfemur -138.031 -41.1321 37.7719
rtibia 139.718
rfoot -13.4308 34.2776
rtoes -16.8943
lfemur -144.128 55.086 -76.1457
ltibia 139.899
lfoot -0.0930733 -38.9489
ltoes -2.06823
279
root -0.403363 9.37328 0.454446 246.293 108.87 226.986
lowerback 42.0245 -2.81151 9.8529
upperback 10.2044 2.61199 4.89219
thorax -8.32815 1.62141 -0.922138
lowerneck -15.9802 -15.8644 -7.17839
upperneck 0.850067 -20.7269 12.0658
head 4.75257 -9.80006 2.70444
rclavicle -7.63333e-014 2.8625e-014
rhumerus 100.641 -39.1746 -136.253
rradius 26.9087
rwrist -160.893
rhand -34.8361 -2.58932
rfingers 7.12502
rthumb -7.98662 -32.4184
lclavicle -7.63333e-014 2.8625e-014
lhumerus -39.4611 -1.7287 67.8341
lradius 75.5063
lwrist 34.21
lhand -25.3205 32.1429
lfingers 7.12502
lthumb 1.202 62.1193
rfemur -137.983 -41.2886 37.7046
rtibia 139.653
rfoot -13.5582 34.4579
rtoes -17.3627
lfemur -143.776 55.0633 -75.9668
ltibia 139.828
lfoot -0.154392 -38.9
ltoes -1.79276
280
root -0.406408 9.37918 0.459812 246.419 108.87 227.094
lowerback 41.9584 -2.78252 9.88208
upperback 10.199 2.64638 4.88655
thorax -8.31045 1.63705 -0.956939
lowerneck -15.9082 -15.8667 -7.16209
upperneck 0.671308 -20.7274 12.145
head 4.69408 -9.80594 2.73662
rclavicle -2.54444e-014 5.56597e-014
rhumerus 100.764 -39.2516 -136.617
rradius 26.874
rwrist -161.477
rhand -35.4275 -1.97485
rfingers 7.12502
rthumb -8.55732 -31.7814
lclavicle -2.54444e-014 5.56597e-014
lhumerus -39.4014 -1.79391 67.8964
lradius 75.2165
lwrist 34.2233
lhand -25.2176 31.9992
lfingers 7.12502
lthumb 1.30141 61.975
rfemur -137.914 -41.1943 37.6309
rtibia 139.562
rfoot -13.6427 34.3935
rtoes -17.9016
lfemur -143.572 54.9852 -75.8242
ltibia 139.75
lfoot -0.106473 -38.8183
ltoes -1.36494
